Partij;Kandidaat;Stemmen
PVV (Partij voor de Vrijheid);Wilders, G.;1659339
PVV (Partij voor de Vrijheid);Stöteler, T.S.M.;8426
PVV (Partij voor de Vrijheid);Schilder, J.M.M.;20349
PVV (Partij voor de Vrijheid);Lammers, A.N.;6935
PVV (Partij voor de Vrijheid);Markuszower, G.;1669
PVV (Partij voor de Vrijheid);Bosma, M.;16969
PVV (Partij voor de Vrijheid);Claassen, R.A.B.;1900
PVV (Partij voor de Vrijheid);van Dijck, A.P.C.;610
PVV (Partij voor de Vrijheid);Faber, M.H.M.;9673
PVV (Partij voor de Vrijheid);Maeijer, V.;1510
PVV (Partij voor de Vrijheid);Mulder, E.;966
PVV (Partij voor de Vrijheid);Kops, A.;433
PVV (Partij voor de Vrijheid);Vlottes, E.;582
PVV (Partij voor de Vrijheid);Vondeling, M.;1394
PVV (Partij voor de Vrijheid);Heutink, H.D.;601
PVV (Partij voor de Vrijheid);Mooiman, J.;615
PVV (Partij voor de Vrijheid);Moinat, N.;788
PVV (Partij voor de Vrijheid);Graus, D.J.G.;965
PVV (Partij voor de Vrijheid);van Dijk, E.;440
PVV (Partij voor de Vrijheid);ten Hove, T.;904
PVV (Partij voor de Vrijheid);Prickaertz, E.C.;313
PVV (Partij voor de Vrijheid);de Roon, R.;276
PVV (Partij voor de Vrijheid);Boon, M.C.H.;595
PVV (Partij voor de Vrijheid);Raijer, A.J.;613
PVV (Partij voor de Vrijheid);van Meetelen, R.F.;1151
PVV (Partij voor de Vrijheid);Jansen, C.A.;233
PVV (Partij voor de Vrijheid);Aardema, M.;917
PVV (Partij voor de Vrijheid);Deen, M.;271
PVV (Partij voor de Vrijheid);Nijhof-Leeuw, J.M.;1266
PVV (Partij voor de Vrijheid);de Vree, J.H.;225
PVV (Partij voor de Vrijheid);Pool, J.;203
PVV (Partij voor de Vrijheid);van der Hoeff, P.H.;465
PVV (Partij voor de Vrijheid);Ram, D.;718
PVV (Partij voor de Vrijheid);Crijns, P.P.;719
PVV (Partij voor de Vrijheid);Smitskam, P.;155
PVV (Partij voor de Vrijheid);Boutkan, W.;512
PVV (Partij voor de Vrijheid);Thiadens, F.M.;122
PVV (Partij voor de Vrijheid);Blaauw, R.B.;571
PVV (Partij voor de Vrijheid);Valize, J.J.T.M.;590
PVV (Partij voor de Vrijheid);Faddegon, C.J.;71
PVV (Partij voor de Vrijheid);Clermonts, C.N.L.;314
PVV (Partij voor de Vrijheid);Uppelschoten, N.A.;166
PVV (Partij voor de Vrijheid);van Haasen, J.P.;159
PVV (Partij voor de Vrijheid);Esser, E.R.F.;473
PVV (Partij voor de Vrijheid);Rep, R.J.H.H.;314
PVV (Partij voor de Vrijheid);Riezebos, C.H.;100
PVV (Partij voor de Vrijheid);Grobben, S.M.;309
PVV (Partij voor de Vrijheid);Megens, B.J.M.H.;215
PVV (Partij voor de Vrijheid);Ubaghs, W.J.;93
PVV (Partij voor de Vrijheid);Blömer, A.G.A.;184
PVV (Partij voor de Vrijheid);Verbaarschot-Hendriks, M.;224
PVV (Partij voor de Vrijheid);de Graaf, J.L.;181
PVV (Partij voor de Vrijheid);Feeburg, F.;214
PVV (Partij voor de Vrijheid);Ritzen, S.A.G.;115
PVV (Partij voor de Vrijheid);de Moel, D.;89
PVV (Partij voor de Vrijheid);de Boer, P.;163
PVV (Partij voor de Vrijheid);Ahrens, J.;132
PVV (Partij voor de Vrijheid);Roos, B.M.;149
PVV (Partij voor de Vrijheid);Smits, S.;105
PVV (Partij voor de Vrijheid);Casteleijn, A.A.A.;103
PVV (Partij voor de Vrijheid);van Bijnen, H.M.;160
PVV (Partij voor de Vrijheid);van Valderen, P.;102
PVV (Partij voor de Vrijheid);de Vries, M.;171
PVV (Partij voor de Vrijheid);Pfoster, D.D.W.;152
PVV (Partij voor de Vrijheid);Griesen, J.;92
PVV (Partij voor de Vrijheid);Zandman, I.F.;221
PVV (Partij voor de Vrijheid);Alberts, S.A.M.;183
PVV (Partij voor de Vrijheid);Blauw, K.A.;467
PVV (Partij voor de Vrijheid);Klaassen, M.H.J.;147
PVV (Partij voor de Vrijheid);Benerink, C.B.G.;98
PVV (Partij voor de Vrijheid);van Stormbroek, A.;208
PVV (Partij voor de Vrijheid);Cornelisse, N.;159
PVV (Partij voor de Vrijheid);Liesveld, S.;161
PVV (Partij voor de Vrijheid);Choenni, N.A.;420
PVV (Partij voor de Vrijheid);van Kesteren, A.J.M.;167
PVV (Partij voor de Vrijheid);Bezaan, I.A.;122
PVV (Partij voor de Vrijheid);Blom, R.M.;233
PVV (Partij voor de Vrijheid);Ehlers, M.;190
PVV (Partij voor de Vrijheid);van Hattem, A.W.J.A.;143
PVV (Partij voor de Vrijheid);Madlener, B.;553
PVV (Partij voor de Vrijheid);Stˆteler, T.S.M.;76
GROENLINKS / Partij van de Arbeid (PvdA);Timmermans, F.C.G.M.;508759
GROENLINKS / Partij van de Arbeid (PvdA);Lahlah, A.;110283
GROENLINKS / Partij van de Arbeid (PvdA);Klaver, J.F.;105361
GROENLINKS / Partij van de Arbeid (PvdA);Piri, K.P.;42831
GROENLINKS / Partij van de Arbeid (PvdA);Westerveld, E.M.;118625
GROENLINKS / Partij van de Arbeid (PvdA);Moorman, M.;154742
GROENLINKS / Partij van de Arbeid (PvdA);Stultiens, L.C.J.;2224
GROENLINKS / Partij van de Arbeid (PvdA);de Hoop, H.E.;28171
GROENLINKS / Partij van de Arbeid (PvdA);Bromet, L.;13124
GROENLINKS / Partij van de Arbeid (PvdA);van Oosterhout, A.S.;8633
GROENLINKS / Partij van de Arbeid (PvdA);Bushoff, T.J.;10937
GROENLINKS / Partij van de Arbeid (PvdA);Kröger, S.C.;7302
GROENLINKS / Partij van de Arbeid (PvdA);Mohandis, M.;3441
GROENLINKS / Partij van de Arbeid (PvdA);Patijn, M.H.;3382
GROENLINKS / Partij van de Arbeid (PvdA);Zalinyan, A.;5093
GROENLINKS / Partij van de Arbeid (PvdA);van der Lee, T.M.T.;1191
GROENLINKS / Partij van de Arbeid (PvdA);Mutluer, S.;10066
GROENLINKS / Partij van de Arbeid (PvdA);Bolhuis, W.D.;1190
GROENLINKS / Partij van de Arbeid (PvdA);Gabriëls, G.J.W.;5151
GROENLINKS / Partij van de Arbeid (PvdA);Nordkamp, J.;2847
GROENLINKS / Partij van de Arbeid (PvdA);van der Linden, J.J.;6674
GROENLINKS / Partij van de Arbeid (PvdA);Roduner, F.J.;4183
GROENLINKS / Partij van de Arbeid (PvdA);Hirsch, D.H.;9319
GROENLINKS / Partij van de Arbeid (PvdA);Abdi, F.;21337
GROENLINKS / Partij van de Arbeid (PvdA);Tseggai, M.;18305
GROENLINKS / Partij van de Arbeid (PvdA);Pijpelink, A.;11849
GROENLINKS / Partij van de Arbeid (PvdA);Vliegenthart, L.;24675
GROENLINKS / Partij van de Arbeid (PvdA);Esser, M.J.W.;407
GROENLINKS / Partij van de Arbeid (PvdA);Haage, M.W.;3765
GROENLINKS / Partij van de Arbeid (PvdA);White, R.J.;1726
GROENLINKS / Partij van de Arbeid (PvdA);Vrolijks, I.L.;5240
GROENLINKS / Partij van de Arbeid (PvdA);Kathmann, B.C.;29345
GROENLINKS / Partij van de Arbeid (PvdA);Muns, L.;703
GROENLINKS / Partij van de Arbeid (PvdA);de Jong, H.A.;688
GROENLINKS / Partij van de Arbeid (PvdA);Chakor, G.;5543
GROENLINKS / Partij van de Arbeid (PvdA);Vonk, M.;326
GROENLINKS / Partij van de Arbeid (PvdA);van der Zweth, R.;853
GROENLINKS / Partij van de Arbeid (PvdA);Vink, J.C.;2643
GROENLINKS / Partij van de Arbeid (PvdA);Tak, D.P.A.;1150
GROENLINKS / Partij van de Arbeid (PvdA);Nikshomar, S.;2067
GROENLINKS / Partij van de Arbeid (PvdA);Hyder, I.F.;608
GROENLINKS / Partij van de Arbeid (PvdA);Sibbing, L.V.;1777
GROENLINKS / Partij van de Arbeid (PvdA);Woltring, N.M.;2711
GROENLINKS / Partij van de Arbeid (PvdA);Olivier, D.;458
GROENLINKS / Partij van de Arbeid (PvdA);de Kroon, T.A.;347
GROENLINKS / Partij van de Arbeid (PvdA);de Boer, M.M.;553
GROENLINKS / Partij van de Arbeid (PvdA);Boomsma, R.;407
GROENLINKS / Partij van de Arbeid (PvdA);de Jonge, T.F.;862
GROENLINKS / Partij van de Arbeid (PvdA);Bwefar, R.I.;461
GROENLINKS / Partij van de Arbeid (PvdA);Jeursen, L.B.;520
GROENLINKS / Partij van de Arbeid (PvdA);Daenen, J.W.B.;520
GROENLINKS / Partij van de Arbeid (PvdA);Bolding, F.;744
GROENLINKS / Partij van de Arbeid (PvdA);Mehdi, T.;704
GROENLINKS / Partij van de Arbeid (PvdA);Hamzad, P.;3739
GROENLINKS / Partij van de Arbeid (PvdA);Visser, G.;391
GROENLINKS / Partij van de Arbeid (PvdA);Schreuders, J.M.;1228
GROENLINKS / Partij van de Arbeid (PvdA);Bijl, M.;141
GROENLINKS / Partij van de Arbeid (PvdA);Piepers, R.J.A.;386
GROENLINKS / Partij van de Arbeid (PvdA);Ammerlaan, T.B.;127
GROENLINKS / Partij van de Arbeid (PvdA);Punte-Zwart, W.S.;2418
GROENLINKS / Partij van de Arbeid (PvdA);Groenteman, H.;1441
GROENLINKS / Partij van de Arbeid (PvdA);van Muiswinkel, F.L.;910
GROENLINKS / Partij van de Arbeid (PvdA);Romeijn, A.;909
GROENLINKS / Partij van de Arbeid (PvdA);Bijlo, V.R.;254
GROENLINKS / Partij van de Arbeid (PvdA);Jansen, L.;185
GROENLINKS / Partij van de Arbeid (PvdA);Chalgoum, A.;162
GROENLINKS / Partij van de Arbeid (PvdA);de Jong, N.S.;1530
GROENLINKS / Partij van de Arbeid (PvdA);Wattimena, M.B.D.J.;458
GROENLINKS / Partij van de Arbeid (PvdA);Uğur, E.;1521
GROENLINKS / Partij van de Arbeid (PvdA);Smeets, J.A.P.;310
GROENLINKS / Partij van de Arbeid (PvdA);Bas, L.A.J.L.;234
GROENLINKS / Partij van de Arbeid (PvdA);Karbache, A.;223
GROENLINKS / Partij van de Arbeid (PvdA);Blom, P.;55
GROENLINKS / Partij van de Arbeid (PvdA);Gesthuizen, S.M.J.G.;272
GROENLINKS / Partij van de Arbeid (PvdA);Roovers, T.T.A.J.;118
GROENLINKS / Partij van de Arbeid (PvdA);Jongerius, A.M.;529
GROENLINKS / Partij van de Arbeid (PvdA);van Gent, W.;620
GROENLINKS / Partij van de Arbeid (PvdA);van Es, A.C.;419
GROENLINKS / Partij van de Arbeid (PvdA);Pronk, J.P.;679
GROENLINKS / Partij van de Arbeid (PvdA);d' Ancona, H.;2456
VVD;Yeşilgöz-Zegerius, D.;687416
VVD;Heinen, E.;125048
VVD;Brekelmans, R.P.;165432
VVD;Karremans, V.P.G.;328120
VVD;van der Burg, E.;22127
VVD;Becker, B.;48730
VVD;van Eijk-Nagel, W.P.J.;17181
VVD;Erkens, S.P.A.;5377
VVD;Martens-America, C.;6522
VVD;Nobel, J.N.J.;2837
VVD;van Campen, A.A.H.;4156
VVD;Rajkowski, Q.M.;5508
VVD;Ellian, U.;2995
VVD;Aartsen, A.A.;3827
VVD;Michon-Derkzen, I.J.M.;2490
VVD;de Groot, P.C.;2031
VVD;Bevers, H.;2346
VVD;den Hollander, R.;5465
VVD;Kisteman, A.;1904
VVD;de Kort, A.H.J.;4782
VVD;Wendel, H.;7984
VVD;Schutz, B.A.;543
VVD;Bikkers, B.T.;759
VVD;Müller, A.S.;2422
VVD;Meulenkamp, W.J.H.;3291
VVD;de Beer, M.E.E.;2191
VVD;Maes, N.C.J.;1299
VVD;van der Maas, E.J.;561
VVD;Verkuijlen, R.;387
VVD;van Groningen-de Haas, D.A.;2336
VVD;Berk, A.S.;816
VVD;Richardson, S.M.;1117
VVD;Hoebink, J.;2003
VVD;Buijsse, M.R.G.;1294
VVD;van Kessel, P.W.;793
VVD;Janssen, V.C.;295
VVD;Eikelenboom, D.;779
VVD;Nijssen, S.C.;254
VVD;Hartsuiker, R.J.J.;873
VVD;Zeeuw van der Laan, E.M.;623
VVD;Yizhak Cooremans, R.A.T.;378
VVD;Melisse, T.C.;3904
VVD;Hoogezand, B.;443
VVD;Huckriede, J.M.A.;406
VVD;van Dijken, A.J.;229
VVD;Nelisse, R.M.L.;525
VVD;Verwoort, R.J.;454
VVD;Kohli, N.R.;2172
VVD;Arends-Drijver, K.;614
VVD;Vulpes, M.J.;523
VVD;Aptroot, B.W.;473
VVD;Vermeulen, D.;324
VVD;Versluijs, J.J.F.;331
VVD;Rodoe, H.;276
VVD;van Os, J.L.P.;172
VVD;Bruin, R.N.;318
VVD;van Nieuwamerongen-Oosterkamp, A.T.;386
VVD;Ens, A.A.;505
VVD;Toussaint, C.A.;180
VVD;Simons, I.A.W.;903
VVD;Jansen, J.F.;132
VVD;van Berlo, J.T.M.;541
VVD;van den Beld, A.J.;173
VVD;Voogt, M.J.A.;401
VVD;Zagers, R.J.C.;656
VVD;Gadella, J.A.N.;181
VVD;de Visser, N.J.G.;854
VVD;Altenburg-Collin, E.M.M.P.;399
VVD;de Kruijf, D.G.;647
VVD;van Dalen, M.G.;241
VVD;Vliegen, S.M.J.A.J.;283
VVD;van Eendenburg, J.M.;277
VVD;van Dijk, K.;754
VVD;Vleij, F.;506
VVD;van den Hoogenband, P.P.;123
VVD;Aardoom, J.Y.;177
VVD;Verheij, J.W.;112
VVD;Amani-Ayan, K.;458
VVD;van Santen, N.;287
VVD;Rijmers, C.H.M.;1465
Nieuw Sociaal Contract (NSC);van Hijum, Y.J.;21897
Nieuw Sociaal Contract (NSC);Uitermark, J.J.M.;7072
Nieuw Sociaal Contract (NSC);Welzijn, R.M.;2052
Nieuw Sociaal Contract (NSC);van Oostenbruggen, T.;650
Nieuw Sociaal Contract (NSC);Wingelaar, N.T.P.;1105
Nieuw Sociaal Contract (NSC);Saris, I.G.;1296
Nieuw Sociaal Contract (NSC);van Dalen, J.A.;322
Nieuw Sociaal Contract (NSC);Bruyning, F.H.;806
Nieuw Sociaal Contract (NSC);Beukema, T.P.;328
Nieuw Sociaal Contract (NSC);Geleijnse, S.;97
Nieuw Sociaal Contract (NSC);Koops, W.J.;204
Nieuw Sociaal Contract (NSC);Verouden, V.C.H.M.;51
Nieuw Sociaal Contract (NSC);Kouwenhoven, A.J.;93
Nieuw Sociaal Contract (NSC);Wessels, R.;115
Nieuw Sociaal Contract (NSC);Vredenburg, J.P.;148
Nieuw Sociaal Contract (NSC);van der Meulen, J.A.J.;195
Nieuw Sociaal Contract (NSC);de Korte - Verhoef, M.C.;149
Nieuw Sociaal Contract (NSC);van der Duim, R.D.;181
Nieuw Sociaal Contract (NSC);Louwerens-Huys, M.S.N.;114
Nieuw Sociaal Contract (NSC);Mauer, Q.;136
Nieuw Sociaal Contract (NSC);Mol, I.;371
Nieuw Sociaal Contract (NSC);Goorhuis, P.H.J.;206
Nieuw Sociaal Contract (NSC);IJkema, K.R.;49
Nieuw Sociaal Contract (NSC);Bootsma, L.;181
Nieuw Sociaal Contract (NSC);Meijvogel-Volk, S.T.;182
Nieuw Sociaal Contract (NSC);Hermse, K.;85
Nieuw Sociaal Contract (NSC);Steijling, W.A.H.;40
Nieuw Sociaal Contract (NSC);Roelofs, J.;76
Nieuw Sociaal Contract (NSC);van Ginneken, J.C.A.;160
Nieuw Sociaal Contract (NSC);Gotink, H.G.P.;33
Nieuw Sociaal Contract (NSC);Jonkman, T.H.;110
Nieuw Sociaal Contract (NSC);Kersten, H.J.;472
D66;Jetten, R.A.A.;1198454
D66;Paternotte, J.M.;38961
D66;Vijlbrief, J.A.;18051
D66;Podt, A.;146290
D66;Sneller, J.C.;5746
D66;van Berkel, N.;41170
D66;Paulusma, W.;47381
D66;Belhirch, F.;13831
D66;van der Werf, J.J.;42931
D66;Bamenga, P.;8978
D66;Klos, F.C.O.;1667
D66;Synhaeve, M.;16369
D66;Rooderkerk, I.;16099
D66;van Asten, R.J.;2035
D66;Oualhadj, A.;8068
D66;Biekman, A.N.;9424
D66;Huizenga, R.A.;9187
D66;Dijk, H.L.O.;6233
D66;El Boujdaini, S.;26614
D66;Oosterhuis, H.;1530
D66;Schoonis, J.;787
D66;Castelein, K.D.J.;1272
D66;Neijenhuis, S.J.;1226
D66;Köse, U.I.;3461
D66;Vervuurt, M.;3853
D66;Huidekooper, D.J.;1689
D66;Vellinga-Beemsterboer, M.C.A.;36538
D66;van Leijen, R.M.;756
D66;Jagtenberg, M.H.;14330
D66;Mathlouti, M.;549
D66;van Damme, L.;10271
D66;Stifanos, Y.T.P.;795
D66;Hoekstra, M.L.;3657
D66;Borm, H.J.J.;3159
D66;Smulders, E.;4142
D66;Barkey Wolf, E.F.H.;903
D66;Ghering, O.W.;876
D66;Woudstra, E.;980
D66;Bonten, B.;1869
D66;Derks, M.;2100
D66;Regtuijt, S.M.;1147
D66;Senden, Y.W.E.;383
D66;Pander, J.T.;425
D66;Berends, T.;530
D66;Maessen, R.J.M.;462
D66;Gräper-van Koolwijk, F.Q.;1683
D66;Dijkstra, P.A.;2730
D66;Ollongren, K.H.;2098
D66;Dijkgraaf, R.H.;5134
D66;Phlippen, S.M.W.;6877
BBB;van der Plas, C.A.M.;122172
BBB;Keijzer, M.C.G.;111338
BBB;Vermeer, H.;3434
BBB;Wiersma, F.M.;18843
BBB;van Zanten, C.R.;1181
BBB;Tuinman, G.P.;3028
BBB;Wijen-Nass, M.J.M.H.;2736
BBB;Joseph, A.S.;2348
BBB;Oostenbrink, M.;205
BBB;Hendriks, A.J.;185
BBB;Govaert, C.A.H.M.;922
BBB;Tieman, R.;194
BBB;Rummenie, J.F.;316
BBB;van Marum, E.;789
BBB;Wiegmans- de Winter, D.;442
BBB;Karsbergen, K.G.;122
BBB;den Hertog, E.W.J.;173
BBB;de Ridder, R.J.G.;331
BBB;Hankers, H.F.;221
BBB;Sprik, H.C.;76
BBB;Morsink, A.J.;422
BBB;van Veen-van den Berg, A.;314
BBB;Meeldijk, C.W.;595
BBB;Pabon, M.;714
BBB;Buis, D.G.J.;348
BBB;de Groot, J.M.;323
BBB;Olthof, J.F.;511
BBB;Huijbens, N.A.;263
BBB;Brouwer, K.W.P.;94
BBB;Stienstra, F.J.;302
BBB;Berg, B.;121
BBB;Meijroos, W.M.S.;109
BBB;Dekker, J.H.;217
BBB;Flipsen-Verhagen, M.C.C.;292
BBB;Zeitsen, T.V.C.;65
BBB;Vrugt, J.A.;59
BBB;Lagas, I.M.;195
BBB;van de Ven, M.J.H.;251
BBB;Zoet, H.R.;688
BBB;Schoolmeesters, A.M.A.;219
BBB;Lievense, R.;113
BBB;Schuiling, H.;221
BBB;Hoving, K.K.T.;1290
BBB;Adolfs, N.F.;285
BBB;de Sain, G.M.;167
BBB;Kooistra, A.W.;193
BBB;Beemsterboer, J.C.J.;241
BBB;Koks, N.;261
BBB;Lodders, W.J.H.;350
BBB;Pouw-Verweij, N.J.F.;391
CDA;Bontenbal, H.;994614
CDA;Steen, H.S.;83747
CDA;Boswijk, D.G.;7154
CDA;van Dijk, I.;27105
CDA;Krul, H.M.;4002
CDA;Straatman, J.C.G.;12517
CDA;van den Brink, G.;3159
CDA;Buhler, J.G.L.M.;16882
CDA;Jumelet, H.G.;6910
CDA;van Ark, A.F.J.;3175
CDA;van den Brink, T.A.;4834
CDA;Zwinkels, J.M.;4414
CDA;van Lanschot, M.R.H.;2445
CDA;Boelsma-Hoekstra, L.;7265
CDA;Koorevaar, J.C.;2490
CDA;Tijmstra, E.S.;2786
CDA;Hamstra, S.;1769
CDA;Armut, E.;5597
CDA;Poortman, A.;1633
CDA;Lohman, J.B.;830
CDA;van den Berg, J.H.C.;6227
CDA;Hanegraaff, M.C.;3123
CDA;Klein, K.P.;866
CDA;van der Spek, A.M.;5167
CDA;Tolkamp, A.J.H.;4242
CDA;Hawezy, H.;2225
CDA;de Hoon, A.J.M.;3266
CDA;de Vries, J.N.;898
CDA;Mastenbroek, S.M.;848
CDA;Heijnen, E.J.;1888
CDA;Boonstra, J.T.;760
CDA;van Brakel, C.E.P.;1037
CDA;Noort, I.B.;1305
CDA;Wijnsma, S.;1061
CDA;Vliegenthart-Goedhart, D.G.C.;1010
CDA;Bracke, D.G.A.J.;1590
CDA;Tuncer, Y.;331
CDA;Vrugt, R.;329
CDA;van Die, S.;255
CDA;Buijs, P.M.;270
CDA;Silos, J.J.;459
CDA;Drenth, E.;457
CDA;Boogaard, P.;288
CDA;van der Mik, E.;768
CDA;Schokker, H.G.;152
CDA;Wever, W.A.;853
CDA;Sips, S.M.P.;808
CDA;van Dijk-Wijmenga, L.S.;452
CDA;Rossen, G.L.;383
CDA;Sedoc, G.H.;3053
SP (Socialistische Partij);Dijk, J.P.;116519
SP (Socialistische Partij);Beckerman, S.M.;36543
SP (Socialistische Partij);Dobbe, S.E.M.;12416
SP (Socialistische Partij);Meijer, B.W.V.;1229
SP (Socialistische Partij);Hondmann, M.M.;1232
SP (Socialistische Partij);Elfrink, G.E.;1004
SP (Socialistische Partij);van den Hout, S.G.;419
SP (Socialistische Partij);Biharie, S.;6282
SP (Socialistische Partij);Blom, S.;4265
SP (Socialistische Partij);Kuin, R.M.;470
SP (Socialistische Partij);Vossenberg, L.J.A.M.;830
SP (Socialistische Partij);Cramer, A.;1290
SP (Socialistische Partij);Witsenburg, A.;1479
SP (Socialistische Partij);Wever, E.N.;630
SP (Socialistische Partij);ten Broeke, M.J.;435
SP (Socialistische Partij);van Halm, T.;255
SP (Socialistische Partij);Peltenburg, S.L.M.J.;179
SP (Socialistische Partij);van Rossum, L.;998
SP (Socialistische Partij);Boer, M.I.;470
SP (Socialistische Partij);Eaisaouiyen, M.;489
SP (Socialistische Partij);van der Sluis, J.H.A.;124
SP (Socialistische Partij);Drost, S.N.;978
SP (Socialistische Partij);Schwarz, S.;379
SP (Socialistische Partij);Merks, R.C.M.;399
SP (Socialistische Partij);van Winden, M.W.J.;74
SP (Socialistische Partij);Verdaasdonk, I.;900
SP (Socialistische Partij);Harris, D.C.;157
SP (Socialistische Partij);Smith, D.J.M.;158
SP (Socialistische Partij);Kuitert, E.E.;357
SP (Socialistische Partij);Goede, J.F.;663
SP (Socialistische Partij);Schapendonk, E.M.;310
SP (Socialistische Partij);Topma, X.M.;155
SP (Socialistische Partij);Wolters Gregorio, J.;284
SP (Socialistische Partij);Moriarty Linthorst, A.P.;440
SP (Socialistische Partij);Delsen, A.A.;157
SP (Socialistische Partij);Başoğlu, E.;502
SP (Socialistische Partij);de Kleijn, R.C.;110
SP (Socialistische Partij);Mineur, A.C.;250
SP (Socialistische Partij);Wieken, Y.;315
SP (Socialistische Partij);Singh, J.;1392
SP (Socialistische Partij);van Eck, J.J.A.W.;377
SP (Socialistische Partij);Zandvliet-Oldenkamp, L.;350
SP (Socialistische Partij);Hoogervorst, W.;128
SP (Socialistische Partij);van de Kolk, I.A.H.;342
SP (Socialistische Partij);Smit, T.;117
SP (Socialistische Partij);Flentge, E.A.;45
SP (Socialistische Partij);Bos, R.F.A.;110
SP (Socialistische Partij);Coşkun, T.S.J.;162
SP (Socialistische Partij);Alberts-Oosterbaan, R.;198
SP (Socialistische Partij);Poppe, R.J.L.;621
DENK;van Baarle, S.R.T.;156202
DENK;Ergin, D.A.;20165
DENK;El Abassi, I.;23221
DENK;Esen, E.;8385
DENK;Abaâziz, N.;5716
DENK;Icar, N.;4071
DENK;Rehim Zadeh, E.;1069
DENK;Ghazi, M.I.;1676
DENK;Alieva, S.V.;1231
DENK;Hellings, O.R.;592
DENK;Tekin, A.;2206
DENK;Kaya, A.;2154
DENK;Kuzey, Ş.;547
DENK;Özcan, R.;981
DENK;Tap, T.A.;248
DENK;Manhoef, E.E.;702
DENK;Khan, S.Y.;1037
DENK;Kondu, F.;352
DENK;Kuipers, S.;463
DENK;Ağirbaş, A.;453
DENK;Heybeli, M.;284
DENK;Mahmood, A.A.;1592
DENK;Sakim, M.;243
DENK;Abdoelrahman, M.I.H.;1238
DENK;Al Mansoury, E.;579
DENK;Amraoui, A.;767
DENK;Agha, R.;183
DENK;Bal, M.I.;1189
DENK;Abubaker, Z.;616
DENK;Aydin, B.K.;757
DENK;Aboelkasem, E.;337
DENK;Ayverdi, M.E.;418
DENK;Neshan, L.;143
DENK;Gökmen, G.;533
DENK;El Majjaoui, M.;1278
DENK;Fkihi, O.;333
DENK;Ünal, H.;312
DENK;Akhatab, N.;263
DENK;Özçelik, S.;663
DENK;Bayrakci, Y.C.;723
DENK;Kocabiyik, M.;1153
DENK;El Ghaddari, A.;385
DENK;Çelik, B.;738
DENK;Tacirlioğlu, B.;173
DENK;Yacoubi, A.;269
DENK;Şahin, E.;291
DENK;Moussane, J.;203
DENK;Dağdelen, Y.;1047
DENK;Bülbül, T.;924
DENK;Achbar, F.;952
Partij voor de Dieren;Ouwehand, E.;132121
Partij voor de Dieren;Kostić, I.;21964
Partij voor de Dieren;Teunissen, C.;9645
Partij voor de Dieren;van Hassel, F.;2090
Partij voor de Dieren;Mathijsen, D.D.;7458
Partij voor de Dieren;van Wijlandt, K.;710
Partij voor de Dieren;Krijger, A.L.;10576
Partij voor de Dieren;van Schaik-Gerritsen, M.;1776
Partij voor de Dieren;Stoffels, W.E.R.;1921
Partij voor de Dieren;Coşkun, Z.P.;4404
Partij voor de Dieren;Travaille, A.;412
Partij voor de Dieren;Bersch, F.;412
Partij voor de Dieren;van Langen, R.J.;1984
Partij voor de Dieren;Groenewege, P.J.L.;344
Partij voor de Dieren;Muller, M.;2589
Partij voor de Dieren;Barker, R.N.;206
Partij voor de Dieren;Butterman, O.S.;1190
Partij voor de Dieren;Zandwijken, Y.X.;284
Partij voor de Dieren;Huitema, J.;264
Partij voor de Dieren;Pallandt, C.M.J.;1776
Partij voor de Dieren;Pieterson, S.;560
Partij voor de Dieren;Karadarević, A.;868
Partij voor de Dieren;van Lubek, N.M.;530
Partij voor de Dieren;van den Broek, J.M.;482
Partij voor de Dieren;van de Weerd, D.M.;376
Partij voor de Dieren;Markandu, G.;1506
Partij voor de Dieren;Scheijde, E.F.;321
Partij voor de Dieren;Lauret, E.A.H.;898
Partij voor de Dieren;Vlasveld, A.I.;525
Partij voor de Dieren;van Mondfrans, N.;304
Partij voor de Dieren;Madani, S.N.;131
Partij voor de Dieren;Wijnans, P.;253
Partij voor de Dieren;Wong, Y.;613
Partij voor de Dieren;van Lierop, J.;312
Partij voor de Dieren;Groters, R.A.;136
Partij voor de Dieren;Woudstra, A.J.;264
Partij voor de Dieren;Nasroen, V.P.;774
Partij voor de Dieren;van Loo, J.M.;117
Partij voor de Dieren;van der Toorn, T.;226
Partij voor de Dieren;Lammers, J.;637
Partij voor de Dieren;Lievense, P.J.;217
Partij voor de Dieren;Eroğlu, C.;385
Partij voor de Dieren;Voskamp, A.T.;265
Partij voor de Dieren;Jonkers, G.V.A.A.D.;216
Partij voor de Dieren;Schotveld, J.M.;202
Partij voor de Dieren;Luijendijk, J.;113
Partij voor de Dieren;van Esch, E.M.;517
Partij voor de Dieren;Wassenberg, F.P.;511
Partij voor de Dieren;Strik, M.C.G.;653
Partij voor de Dieren;van Coeverden, E.M.;924
Forum voor Democratie;de Vos, L.G.;425586
Forum voor Democratie;Baudet, T.H.P.;21678
Forum voor Democratie;van Meijeren, G.F.C.;18482
Forum voor Democratie;Jansen, F.J.H.;799
Forum voor Democratie;Dekker, R.J.;1424
Forum voor Democratie;van Houwelingen, P.;3029
Forum voor Democratie;van Duijvenvoorde, P.;291
Forum voor Democratie;Russcher, T.K.;115
Forum voor Democratie;Etalle, M.J.S.;102
Forum voor Democratie;Schenk, M.;198
Forum voor Democratie;Al Biyati, I.;552
Forum voor Democratie;Bakir, A.;409
Forum voor Democratie;van Asch, R.W.G.T.;123
Forum voor Democratie;Knoester, N.A.;156
Forum voor Democratie;Koopman, P.;90
Forum voor Democratie;Antolini, B.M.;377
Forum voor Democratie;Hendriksen-Mauriks, E.R.M.;221
Forum voor Democratie;Hadderingh, B.S.T.;97
Forum voor Democratie;Panis, T.;146
Forum voor Democratie;Vos, A.V.B.;355
Forum voor Democratie;El Masoudi, F.;158
Forum voor Democratie;van den Boomgaard, M.R.;73
Forum voor Democratie;Akkermans-Linssen, M.W.J.;262
Forum voor Democratie;de Clippelaar, L.;73
Forum voor Democratie;Hartman, M.;104
Forum voor Democratie;Wittebrood, J.C.;76
Forum voor Democratie;van der Voort, J.A.;67
Forum voor Democratie;Vermaas, P.C.;49
Forum voor Democratie;de Graaff, Y.W.;84
Forum voor Democratie;de Lange, M.;114
Forum voor Democratie;Burgemeester, K.;68
Forum voor Democratie;Spoek-van Dinther, P.;97
Forum voor Democratie;van Haarlem, C.R.O.;19
Forum voor Democratie;Boom-Bekkers, Y.J.A.M.;71
Forum voor Democratie;Middelkoop, M.C.;123
Forum voor Democratie;Postuma, J.V.;148
Forum voor Democratie;de Heer, E.;128
Forum voor Democratie;Roelofs, R.H.J.;81
Forum voor Democratie;Heller, T.H.G.;41
Forum voor Democratie;Wouda, T.T.C.;81
Forum voor Democratie;Verstegen, P.J.T.;40
Forum voor Democratie;Dessing, J.;19
Forum voor Democratie;de Graaf, M.;52
Forum voor Democratie;Meijdam, C.T.;134
Forum voor Democratie;van Rijswijk, P.;353
Forum voor Democratie;van de Breevaart, J.O.;104
Forum voor Democratie;Filippini, L.T.C.;40
Forum voor Democratie;van Schijndel, A.H.J.W.;26
Forum voor Democratie;Alberts, L.Y.;31
Forum voor Democratie;van den Oetelaar, J.C.M.;189
Staatkundig Gereformeerde Partij (SGP);Stoffer, C.;210341
Staatkundig Gereformeerde Partij (SGP);van Dijk, D.J.H.;4908
Staatkundig Gereformeerde Partij (SGP);Flach, A.J.;6322
Staatkundig Gereformeerde Partij (SGP);Middelkoop, P.N.;2519
Staatkundig Gereformeerde Partij (SGP);Vroegindeweij, W.J.;1776
Staatkundig Gereformeerde Partij (SGP);van der Maas, A.J.;806
Staatkundig Gereformeerde Partij (SGP);van der Wind, H.J.;695
Staatkundig Gereformeerde Partij (SGP);Both, D.D.;424
Staatkundig Gereformeerde Partij (SGP);Kloosterman, J.;419
Staatkundig Gereformeerde Partij (SGP);Roodnat, T.J.;649
Staatkundig Gereformeerde Partij (SGP);van der Wulp, A.D.;301
Staatkundig Gereformeerde Partij (SGP);Polinder, H.J.;505
Staatkundig Gereformeerde Partij (SGP);Slingerland, M.;338
Staatkundig Gereformeerde Partij (SGP);van Duijn, W.J.;204
Staatkundig Gereformeerde Partij (SGP);Barth, L.G.I.;217
Staatkundig Gereformeerde Partij (SGP);Lukasse, J.;248
Staatkundig Gereformeerde Partij (SGP);Tanis, J.P.;164
Staatkundig Gereformeerde Partij (SGP);Bosma, E.G.;497
Staatkundig Gereformeerde Partij (SGP);Schipaanboord, G.P.;237
Staatkundig Gereformeerde Partij (SGP);Versteeg, A.;397
Staatkundig Gereformeerde Partij (SGP);Hartog, J.;134
Staatkundig Gereformeerde Partij (SGP);Koekoek, J.T.;425
Staatkundig Gereformeerde Partij (SGP);de Knegt, L.;303
Staatkundig Gereformeerde Partij (SGP);van Leeuwen, G.R.;210
Staatkundig Gereformeerde Partij (SGP);de Boer, B.;246
Staatkundig Gereformeerde Partij (SGP);Kok, W.H.;177
Staatkundig Gereformeerde Partij (SGP);Kuijers, J.;195
Staatkundig Gereformeerde Partij (SGP);van Zelst, H.J.;184
Staatkundig Gereformeerde Partij (SGP);Bource, R.J.C.;75
Staatkundig Gereformeerde Partij (SGP);Talen, L.;149
Staatkundig Gereformeerde Partij (SGP);Baijense, J.;188
Staatkundig Gereformeerde Partij (SGP);Bulten, H.G.;118
Staatkundig Gereformeerde Partij (SGP);Top, J.;221
Staatkundig Gereformeerde Partij (SGP);Kisteman, L.;76
Staatkundig Gereformeerde Partij (SGP);van Bruchem, L.;122
Staatkundig Gereformeerde Partij (SGP);van den Dikkenberg, L.C.;87
Staatkundig Gereformeerde Partij (SGP);Herweijer, H.;121
Staatkundig Gereformeerde Partij (SGP);van Laar, G.J.;118
Staatkundig Gereformeerde Partij (SGP);Scheppink, A.J.;148
Staatkundig Gereformeerde Partij (SGP);van Heteren, R.;108
Staatkundig Gereformeerde Partij (SGP);van den Belt, B.;162
Staatkundig Gereformeerde Partij (SGP);van Iwaarden, D.;178
Staatkundig Gereformeerde Partij (SGP);Heinen, J.B.;139
Staatkundig Gereformeerde Partij (SGP);Verdoes, W.J.;225
Staatkundig Gereformeerde Partij (SGP);Lock, J.;54
Staatkundig Gereformeerde Partij (SGP);van Burg, J.J.;134
Staatkundig Gereformeerde Partij (SGP);Vermaat, C.T.;410
Staatkundig Gereformeerde Partij (SGP);van Tuijl, L.O.;92
Staatkundig Gereformeerde Partij (SGP);van Hoef, G.A.J.;171
Staatkundig Gereformeerde Partij (SGP);Pronk, F.G.;499
ChristenUnie;Bikker, M.H.;156131
ChristenUnie;Grinwis, P.A.;4209
ChristenUnie;Ceder, D.G.M.;14941
ChristenUnie;te Rietstap, A.H.;2549
ChristenUnie;Gooijer-Medema, J.K.;3952
ChristenUnie;Drost, N.;799
ChristenUnie;Niesink, C.C.M.;1366
ChristenUnie;de Reus, W.T.;392
ChristenUnie;Otter-van den Bosch, C.;645
ChristenUnie;Holtman, T.S.;309
ChristenUnie;Jongman-Mollema, I.M.;951
ChristenUnie;van Ooijen, M.;345
ChristenUnie;Vedder, H.;474
ChristenUnie;van der Krift, H.J.C.;310
ChristenUnie;Westerink-Petersen, J.;409
ChristenUnie;Egger-van Oppen, H.C.;199
ChristenUnie;Jonkheer-Vos, R.;364
ChristenUnie;Mbwete, N.A.G.;740
ChristenUnie;Vlieg-Kempe, H.A.;344
ChristenUnie;Treurniet, M.;252
ChristenUnie;Treurniet-Klapwijk, W.A.;276
ChristenUnie;Elskamp-Hofstede, J.M.;315
ChristenUnie;de Heer, R.P.;352
ChristenUnie;Cecilia, H.E.;587
ChristenUnie;Pasterkamp, A.;208
ChristenUnie;van der Mooren, F.C.T.;169
ChristenUnie;van de Belt, R.A.;238
ChristenUnie;Nede, N.N.;255
ChristenUnie;de Boer, A.P.;109
ChristenUnie;Voskamp, W.P.;45
ChristenUnie;van Hoorn, J.;129
ChristenUnie;de Vries, M.A.C.;131
ChristenUnie;Broekmaat-Hagens, A.W.;185
ChristenUnie;Quarshie, S.A.C.;419
ChristenUnie;Koning, G.M.;242
ChristenUnie;Bosma, E.;109
ChristenUnie;Stoop, G.A.;49
ChristenUnie;Moes, T.;110
ChristenUnie;Hoefakker, D.S.;137
ChristenUnie;Westendorp, J.;103
ChristenUnie;van der Sluis, J.P.;152
ChristenUnie;La Rose, M.B.;153
ChristenUnie;Frankema, P.J.;40
ChristenUnie;den Bakker, G.S.;40
ChristenUnie;van Dijk, J.;36
ChristenUnie;Troost, G.J.;291
ChristenUnie;Smelt, E.N.;687
ChristenUnie;Dekker, C.;90
ChristenUnie;ten Brinke, J.M.;635
ChristenUnie;de Graaf, B.A.;1382
ChristenUnie;Bronkhorst-van Poortvliet, E.J.M.;109
ChristenUnie;Bondt, W.;33
ChristenUnie;Jager, H.;42
ChristenUnie;André, G.J.;57
ChristenUnie;Hegeman-Mekking, P.O.G.;70
ChristenUnie;Verstoep, J.J.;99
ChristenUnie;Mersie, P.J.;25
ChristenUnie;Eerkes, H.;42
ChristenUnie;Vrolijk-van der Feen, P.A.A.;56
ChristenUnie;Verkuil, G.G.T.;46
ChristenUnie;Vercammen, M.A.;71
ChristenUnie;van Popering-Kalkman, A.J.S.;43
ChristenUnie;Versluis, R.;24
ChristenUnie;Ruiten, G.F.;44
ChristenUnie;van Veen, R.C.M.M.;38
ChristenUnie;Oppenhuizen, S.;71
ChristenUnie;van Groos, J.;29
ChristenUnie;Tolenaars-den Braber, N.A.;53
ChristenUnie;Duizer, A.;55
ChristenUnie;Vellinga-Zeilstra, E.;95
ChristenUnie;van der Zwan, P.D.;129
ChristenUnie;Bos, J.C.;82
ChristenUnie;Hulshof-Boeve, F.;97
ChristenUnie;Bouman-de Groot, A.L.;70
ChristenUnie;Verweij, J.P.;49
ChristenUnie;Visser, F.C.;53
ChristenUnie;Nanninga, B.;56
ChristenUnie;Scherrenburg, T.J.;61
ChristenUnie;Joostens, N.;27
ChristenUnie;de Goede, P.M.J.;51
ChristenUnie;Siegers, K.P.;49
ChristenUnie;Rebergen, P.;22
ChristenUnie;van den Born, H.;17
ChristenUnie;Pruisscher, R.R.;61
ChristenUnie;Weening, B.J.;42
ChristenUnie;Brunekreeft-Lagerweij, G.S.;80
ChristenUnie;van der Zaag, C.G.;19
ChristenUnie;Roseboom, H.;67
ChristenUnie;den Dikken, P.J.;37
ChristenUnie;van Dijk, G.G.;32
ChristenUnie;Hiwat, J.;104
ChristenUnie;Amoureus, M.;21
ChristenUnie;Vonk, T.J.;22
Volt;Dassen, L.A.J.M.;52916
Volt;Koekkoek, M.;29391
Volt;de Boer, R.W.;1297
Volt;Ritzer, S.D.L.;9676
Volt;Beijnon, B.;1505
Volt;Harks, L.C.G.;3048
Volt;Princen, J.G.;410
Volt;Vossen - van Beers, I.E.F.M.;1202
Volt;Güngör, E.;706
Volt;Veltkamp, A.M.;940
Volt;Kemp, E.;1361
Volt;Fikenscher, H.M.;1136
Volt;Yska, R.W.;281
Volt;Blom, M.M.B.;468
Volt;van der Veer, G.A.;127
Volt;van den Ende, A.E.;594
Volt;Tai, M.T.;210
Volt;Nielsen, K.;553
Volt;van Mulkom, J.J.;457
Volt;Erens, J.P.G.;426
Volt;van den Ende, W.;92
Volt;van der Linden, J.;839
Volt;Nieuwenhuis, M.;253
Volt;Rasenberg, N.E.;1032
Volt;Areago, T.L.A.;130
Volt;van der Linden, A.;214
Volt;Scherbeijn, L.;221
Volt;van Strien, L.;180
Volt;van Doesburg, A.J.J.;97
Volt;van Kampen, M.H.F.;101
Volt;Wennekes, S.W.;134
Volt;Eckelmans, L.A.E.;970
Volt;Meinsma, C.H.;52
Volt;Hamel, J.E.R.;146
Volt;Stokvis, D.C.;148
Volt;Westerman, A.P.T.;279
Volt;Buijs, Q.H.M.;59
Volt;van der Veldt, I.S.V.;310
Volt;Croes, M.;75
Volt;van der Veen, V.G.E.;263
Volt;Hagen, G.A.;113
Volt;van Engelen, A.A.;162
Volt;Klijnsma, B.P.;174
JA21;Eerdmans, B.J.;417959
JA21;Nanninga, A.;66065
JA21;Coenradie, I.;101635
JA21;Hoogeveen, M.P.;1544
JA21;Ceulemans, S.;593
JA21;Boomsma, D.T.;3518
JA21;van den Berg, D.J.;1006
JA21;Goudzwaard, M.;1830
JA21;Clemminck, D.R.F.;749
JA21;van Elck, M.G.J.;395
JA21;Schyns, P.F.M.;2080
JA21;Koster, G.F.E.;316
JA21;Hesselink, S.W.J.;2425
JA21;Mantel, I.J.M.;883
JA21;Gordijn, C.;5466
JA21;Jager, M.R.;1093
JA21;van Scherpenzeel, F.A.;4107
JA21;Dijksterhuis, R.G.;537
JA21;Nuijten, K.;467
JA21;van Vugt, T.;254
JA21;Baten, L.C.C.;199
JA21;van Ede, S.;295
JA21;Laurijssens, R.S.;70
JA21;Hoogerwerf, M.;1184
JA21;de Bruin, R.;830
JA21;Determan, R.N.;105
JA21;de Bes, P.;581
JA21;Heijkoop, G.;318
JA21;Ramcharan, N.N.;841
JA21;van Zaalen, F.P.;139
JA21;Meyer, J.J.C.;561
JA21;Damen-Flobbe, M.M.;801
JA21;Roos, S.M.;311
JA21;Lens van Rijn, J.M.;78
JA21;Chung, P.;390
JA21;Kövi, J.J.H.M.;72
JA21;Uijens, M.;910
JA21;Hakim, N.;367
JA21;van Geest, A.M.;102
JA21;Drent, P.H.;413
JA21;Meere, I.P.;129
JA21;van den Berk, M.;315
JA21;Avdaljan, A.V.;264
JA21;Ernst, J.T.H.;558
JA21;Pastors, M.G.T.;208
JA21;Fortuijn, S.A.F.;1508
Vrede voor Dieren;Plusquin, P.S.M.L.;9663
Vrede voor Dieren;van der Velden, R.T.J.;716
Vrede voor Dieren;Burgers, A.;1114
Vrede voor Dieren;Engelen, E.R.;1067
Vrede voor Dieren;Voss, S.H.D.;305
Vrede voor Dieren;Hanssen, A.M.W.M.;388
Vrede voor Dieren;Huertas Mulckhuyse, R.R.A.;395
Vrede voor Dieren;Klaassen, L.;217
Vrede voor Dieren;van de Peppel, S.;148
Vrede voor Dieren;Poutsma, A.;155
Vrede voor Dieren;Broekman-Falcão Pereira Gomes, S.;244
Vrede voor Dieren;Smits, M.W.;173
Vrede voor Dieren;Wever, C.G.T.;60
Vrede voor Dieren;Savelkouls, A.G.J.P.;47
Vrede voor Dieren;Bleijenberg, M.W.A.;55
Vrede voor Dieren;van Tergouw, K.O.;226
Vrede voor Dieren;Stevens, H.;81
Vrede voor Dieren;Kochen, J.J.M.;105
Vrede voor Dieren;van der Waal, A.F.;38
Vrede voor Dieren;van den Abeele, I.J.;52
Vrede voor Dieren;Hagen, B.D.A.;36
Vrede voor Dieren;Miedema, N.C.;411
Vrede voor Dieren;Schouten, M.E.;98
Vrede voor Dieren;Suurmeijer, J.J.;42
Vrede voor Dieren;van Gelder, A.M.E.;74
Vrede voor Dieren;Bok, J.W.;69
Vrede voor Dieren;Koedam, J.J.M.;28
Vrede voor Dieren;van den Elsen, T.P.;53
Vrede voor Dieren;van de Laar, M.A.J.;45
Vrede voor Dieren;Holtslag, R.;72
Vrede voor Dieren;Baars, H.L.M.;53
Vrede voor Dieren;Meuldijk, B.;229
Vrede voor Dieren;Bouma, J.O.C.;203
Belang Van Nederland (BVNL);van Haga, W.R.;12829
Belang Van Nederland (BVNL);Rookmaker, D.;1544
Belang Van Nederland (BVNL);Beertema, H.J.;188
Belang Van Nederland (BVNL);Schetters, T.P.M.;583
Belang Van Nederland (BVNL);Dercksen, R.G.J.;69
Belang Van Nederland (BVNL);van den Boomen, V.;331
Belang Van Nederland (BVNL);Dales, G.D.;73
Belang Van Nederland (BVNL);Flipse, A.E.;575
Belang Van Nederland (BVNL);Manders, T.T.A.J.;326
Belang Van Nederland (BVNL);van Schaik, H.C.;83
Belang Van Nederland (BVNL);Versteeg, E.G.;72
Belang Van Nederland (BVNL);Vulders, S.;150
Belang Van Nederland (BVNL);Schilder, P.C.J.;53
Belang Van Nederland (BVNL);Terhorst, M.E.;93
Belang Van Nederland (BVNL);Bos, M.;116
Belang Van Nederland (BVNL);Kosters, J.;39
Belang Van Nederland (BVNL);Rolloos, M.A.;80
Belang Van Nederland (BVNL);Verweij, D.W.;29
Belang Van Nederland (BVNL);Mul, P.A.M.J.;37
Belang Van Nederland (BVNL);Remijn, H.J.;32
Belang Van Nederland (BVNL);Mensing, C.M.;67
Belang Van Nederland (BVNL);van Erp, G.J.A.;22
Belang Van Nederland (BVNL);Dienjes, C.S.;32
Belang Van Nederland (BVNL);Keirouz, J.;88
Belang Van Nederland (BVNL);Schuiling, A.;38
Belang Van Nederland (BVNL);Rietman, Y.;38
Belang Van Nederland (BVNL);Schnetkamp, F.F.;39
Belang Van Nederland (BVNL);Toes, E.D.;50
Belang Van Nederland (BVNL);Elferink, I.J.;22
Belang Van Nederland (BVNL);Boomsma, J.J.;36
Belang Van Nederland (BVNL);Jimenez, Y.R.;41
Belang Van Nederland (BVNL);Siemons, J.C.;19
Belang Van Nederland (BVNL);van Keeken, N.;12
Belang Van Nederland (BVNL);Eggermont, P.J.;13
Belang Van Nederland (BVNL);Freeke, C.J.;22
Belang Van Nederland (BVNL);van Leeuwen, J.W.;16
Belang Van Nederland (BVNL);Moes, D.;25
Belang Van Nederland (BVNL);Verhoog, J.P.;14
Belang Van Nederland (BVNL);Vos, J.J.;32
Belang Van Nederland (BVNL);Villegas Henriquez, M.B.;15
Belang Van Nederland (BVNL);Bohte, P.J.;14
Belang Van Nederland (BVNL);Westphal, B.S.;16
Belang Van Nederland (BVNL);van Dalen, E.H.;23
Belang Van Nederland (BVNL);Huisman, W.D.;24
Belang Van Nederland (BVNL);Qadiri, Y.;20
Belang Van Nederland (BVNL);van den Bolsem, L.B.;10
Belang Van Nederland (BVNL);Koeleman, R.P.;28
Belang Van Nederland (BVNL);Yürekli, M.;71
Belang Van Nederland (BVNL);Kicken, J.M.H.;60
Belang Van Nederland (BVNL);van Aalst, R.R.;63
BIJ1;Dibi, T.;14073
BIJ1;Tuininga, N.;14580
BIJ1;Otte, T.;917
BIJ1;Sadhoe, P.C.Z.;1686
BIJ1;van Campenhout, M.R.;191
BIJ1;Dalderop, M.B.;657
BIJ1;Oul Fakir, N.;1581
BIJ1;Najand, S.;584
BIJ1;Nieuweboer, C.;985
BIJ1;Bijleveld, V.;785
BIJ1;Miango, N.;168
BIJ1;Beekmans, M.A.A.J.;337
BIJ1;Isaack, T.J.D.;80
BIJ1;Streutker, G.;240
BIJ1;Gal, Y.;163
BIJ1;Luhrs, Y.;267
BIJ1;Rijsdam, A.T.P.J.;345
BIJ1;Damian, A.R.;218
BIJ1;Geuzebroek, L.;279
BIJ1;Nolten, S.J.;532
BIJ1;Miskin, V.R.;489
BIJ1;Helberg, G.O.;777
LP (Libertaire Partij);van Lamoen, T.J.;3456
LP (Libertaire Partij);Bais, H.;3112
LP (Libertaire Partij);Brouwer, H.A.;109
LP (Libertaire Partij);Durlacher, F.;155
LP (Libertaire Partij);Winters, A.J.;64
LP (Libertaire Partij);van Beelen, E.;123
LP (Libertaire Partij);van der Helm, P.;135
LP (Libertaire Partij);Schoenmakers, R.C.;43
LP (Libertaire Partij);Honig, T.R.;77
LP (Libertaire Partij);Visser, P.R.;67
LP (Libertaire Partij);de Haan, M.C.;33
LP (Libertaire Partij);Meijer, T.D.J.;23
LP (Libertaire Partij);Backhuijs, W.Q.;50
LP (Libertaire Partij);van Dijk, R.K.J.J.;35
LP (Libertaire Partij);Hartkamp, P.L.;35
LP (Libertaire Partij);Van de Leest, A.T.;465
LP (Libertaire Partij);Crok, M.;157
50PLUS;Struijs, J.A.;109679
50PLUS;van Brenk-van Barneveld, C.M.;15604
50PLUS;Baay-Timmerman, M.H.H.;3287
50PLUS;van Tilborg, H.C.A.M.;1706
50PLUS;van Acquoij, R.H.;955
50PLUS;van den Heuvel, W.H.H.M.;2433
50PLUS;Fischer, A.M.J.N.;2286
50PLUS;van der Helm-Chandansingh, M.P.;1434
50PLUS;van Straten, A.;411
50PLUS;van Est, A.M.B.;945
50PLUS;Leerkes, A.G.M.;136
50PLUS;Engel, J.;446
50PLUS;Brouwers, J.F.X.M.;241
50PLUS;van der Starre, J.J.;523
50PLUS;van Lierop-van Leuken, M.M.E.L.;594
50PLUS;Kasteleijn, H.M.;970
50PLUS;Hoek, W.M.M.;354
50PLUS;Hernández Martínez, A.;571
50PLUS;Veeze, C.E.;378
50PLUS;Nota, H.D.;551
50PLUS;de Vos, N.;317
50PLUS;van den Bogaard, J.T.M.;495
50PLUS;van Loon, J.C.A.;188
50PLUS;Donker, A.C.;626
50PLUS;van Ooijen, E.;123
50PLUS;Hamersma, K.;398
50PLUS;Wissingh, H.A.;254
50PLUS;de Kruif-Vlasman, F.N.J.;203
50PLUS;Verbeek, C.M.J.;214
50PLUS;van Gorkum, J.P.N.;576
50PLUS;Erkamp, F.H.A.M.;166
50PLUS;Willemse, W.;190
50PLUS;Bakx, W.M.;104
50PLUS;Verschoor, A.E.W.;165
50PLUS;Jong, S.P.H.M.A.;291
50PLUS;Sjaardema, E.;134
50PLUS;Tomlow, G.A.M.M.;124
50PLUS;Bouwmeester, J.J.;221
50PLUS;van Houtert, M.J.L.W.;102
50PLUS;van Hoek, J.T.M.;98
50PLUS;Timmers-van Dijk, A.A.;293
50PLUS;Guldemond, A.E.;314
50PLUS;Boetes, J.M.;173
50PLUS;Denissen, H.M.J.M.;95
50PLUS;Biever, R.M.;37
50PLUS;van Elst, H.D.P.;46
50PLUS;van Rooij, M.G.J.H.;140
50PLUS;van Otterloo, G.J.P.;106
50PLUS;Dekker, W.C.;96
50PLUS;van Rooijen, M.J.;791
Piratenpartij;Pontier, M.A.;5441
Piratenpartij;Zimmerman, H.K.;1652
Piratenpartij;Bresser, A.C.;302
Piratenpartij;Sadloe, S.;419
Piratenpartij;Brandsma, W.A.;146
Piratenpartij;Pontier, G.P.;138
Piratenpartij;van Deijk, D.D.;215
Piratenpartij;Grossman, S.E.;146
Piratenpartij;Wikkeling, O.M.E.;50
Piratenpartij;Bergman, F.J.M.;265
Piratenpartij;van Treuren, M.A.;78
Piratenpartij;van Rijn, M.P.;113
Piratenpartij;Musangamfura, J.A.;51
Piratenpartij;Schrama, D.D.;69
Piratenpartij;Hallegraeff, D.S.;88
Piratenpartij;Lubben, H.P.;85
Piratenpartij;Valkhof, C.A.;61
Piratenpartij;Braun, P.W.;60
Piratenpartij;El Hajoui, N.;46
Piratenpartij;van Nes, T.;53
Piratenpartij;Horvath, F.N.;89
Piratenpartij;van Dijke, W.M.;64
Piratenpartij;Pot, A.A.M.;113
Piratenpartij;Bouma, E.;52
Piratenpartij;Wijnans, F.P.E.;49
Piratenpartij;Smit, H.R.M.P.;22
Piratenpartij;Nauta, F.H.A.;37
Piratenpartij;Matenko, R.W.E.;12
Piratenpartij;Haak, R.R.;131
Piratenpartij;Linnenbank, A.C.;44
Piratenpartij;van der Velde, V.C.;76
Piratenpartij;baron van Till, J.W.J.;88
Piratenpartij;Blaak, M.G.M.H.;222
FNP;Soepboer, A.J.;6250
FNP;Krol, D.M.B.;119
FNP;van Groning, J.E.;649
FNP;van der Ham, A.E.;252
FNP;Luca, R.E.;51
FNP;Kiers, G.;105
FNP;Bouma, A.B.;51
FNP;van Die, B.L.Y.;106
FNP;Kuipers, F.S.;49
FNP;Hofstra, T.;52
FNP;Fokkinga, K.;25
FNP;Klingestijn, C.H.H.;112
FNP;Land-Dotinga, S.S.;96
FNP;Wijnsma, J.;33
FNP;Wiersma, T.;26
FNP;van Mourik, N.;14
FNP;Visser, A.S.;174
FNP;Boomsma, P.R.;22
FNP;Wouda, W.;11
FNP;Heeringa, T.T.;17
FNP;Hoekstra, M.;31
FNP;Land, F.A.;147
FNP;Feddema, T.;28
FNP;Hemstra, T.;42
FNP;Talma, L.K.;11
FNP;Herms, D.L.W.;11
FNP;de Boer, A.T.;16
FNP;de Deugd, A.;25
FNP;van Althuis, P.S.;15
FNP;de Jong, A.J.;16
FNP;Vollema, L.J.;14
FNP;Rintjema, N.H.;69
FNP;van der Pol, D.M.;26
FNP;Kleefstra, A.;24
FNP;Albada, T.;49
FNP;Hosper, U.G.;25
FNP;Bergstra-Veldhuis, C.J.;47
FNP;Debreczeni, S.;23
FNP;van Dellen, B.B.;41
FNP;de Boer, F.;13
FNP;de Boer, H.R.;33
FNP;Brinkman, T.O.;38
FNP;Dijkstra, J.;17
FNP;Durksz, D.L.;43
FNP;Brouwer, S.;81
FNP;Brouwer, H.;42
FNP;van der Meer, H.;15
FNP;Knol, S.;26
FNP;Singelsma, S.;94
Vrij Verbond;Burggraaf, B.W.;540
Vrij Verbond;Voorbij, M.M.;54
Vrij Verbond;Zijlstra, J.;37
Vrij Verbond;Tawfik, C.;115
Vrij Verbond;Jansen, N.;17
Vrij Verbond;Struijk, W.;82
Vrij Verbond;van der Marel, C.L.;50
Vrij Verbond;Huigens, A.F.J.;13
Vrij Verbond;Schaap, C.D.;26
Vrij Verbond;Kleinsmit, H.T.J.;15
Vrij Verbond;Roodveldt, M.S.D.P.;14
Vrij Verbond;Koopmans, S.F.P.;73
ELLECT;Amoah, J.;114
ELLECT;Morisson, E.I.I.;18
ELLECT;de Sera, E.G.;8
ELLECT;Rodrigues de Souza, K.;11
ELLECT;de Jongh, F.A.;6
ELLECT;Ustasia, R.R.;3
ELLECT;van Rhemen, M.C.;4
ELLECT;Vinken, M.J.P.;39
DE LINIE;van Hooft, G.O.P.C.;1825
DE LINIE;Mulder, J.C.A.;563
DE LINIE;Bergen, P.H.;103
DE LINIE;Bulder, C.A.;142
DE LINIE;Peeters, G.P.L.;95
DE LINIE;van der Veen, W.;63
DE LINIE;Voets, J.J.M.;37
DE LINIE;Bozkurt, S.;171
DE LINIE;Gielisse, S.H.J.;68
DE LINIE;Derks van de Ven - Poldervaart, R.D.;48
DE LINIE;Kastelijn, A.W.A.T.;45
DE LINIE;Klasen, B.;47
DE LINIE;Roos, C.;76
DE LINIE;Wood, D.R.;17
DE LINIE;Kastelijn, P.J.T.M.;168
NL PLAN;Chan, K.K.;2294
Partij voor de Rechtsstaat;Tulp, D.D.;56
Partij voor de Rechtsstaat;Fer, K.E.;1
Partij voor de Rechtsstaat;Leurs, R.J.;1
Partij voor de Rechtsstaat;Ileri, F.;6
Partij voor de Rechtsstaat;Sagsu, M.;2
Partij voor de Rechtsstaat;Walker, C.R.B.;5
Partij voor de Rechtsstaat;Zielman, W.M.;3
Partij voor de Rechtsstaat;Inen, G.;0
Partij voor de Rechtsstaat;Damkat, M.;3
Partij voor de Rechtsstaat;Hallatu, L.C.;2
Partij voor de Rechtsstaat;Alfarrah, A.A.;2
Partij voor de Rechtsstaat;de Vos, G.M.W.;2
Partij voor de Rechtsstaat;Verstraten, E.A.E.;2
Partij voor de Rechtsstaat;Dhahar, F.;6
Partij voor de Rechtsstaat;Juffermans, M.;1
Partij voor de Rechtsstaat;Gurdji, B.;2
Partij voor de Rechtsstaat;Krijger, J.A.;2
Partij voor de Rechtsstaat;van der Velden, A.D.A.;5
Partij voor de Rechtsstaat;Sijbesma, N.R.;6
Partij voor de Rechtsstaat;Breinburg, M.M.J.;26
Partij voor de Rechtsstaat;Schreuder, E.;2
Partij voor de Rechtsstaat;Schaacke, A.M.;16