"Verkiezing";;"Tweede Kamer der Staten-Generaal 2025"
"Datum";;"2025-10-29"
"Gebied";;"Gemeente NBSB"
"Nummer";;"9010"

"Lijstnummer";"Aanduiding";"Volgnummer";"Naam kandidaat";"Totaal";"Land Aruba te Oranjestad";"Land Curaçao te Willemstad";"Land Sint Maarten te Philipsburg";"Land Nederland te Den Haag"
"Gebiednummer";;;;;"1";"2";"3";"4"
"Postcode";;;;;;;;
;"opgeroepenen";;;"133589";"0";"0";"0";"0"
;"toegelaten kiezers";;;"86992";"648";"1202";"176";"84966"
;"toegelaten kiezers (Briefstembureaus buitenland)";;;"86992";"648";"1202";"176";"84966"
;"geldige stembiljetten";;;"86428";"646";"1193";"174";"84415"
;"blanco stembiljetten";;;"59";"2";"2";"1";"54"
;"ongeldige stembiljetten";;;"407";"0";"7";"1";"399"
;"aangetroffen stembiljetten";;;"86894";"648";"1202";"176";"84868"
;"meer stembiljetten dan toegelaten kiezers";;;"0";"0";"0";"0";"0"
;"minder stembiljetten dan toegelaten kiezers";;;"98";"0";"0";"0";"98"
;"geen stembiljet in enveloppe (Briefstembureaus)";;;"82";"0";"0";"0";"82"
;"meer stembiljetten in een enveloppe (Briefstembureaus)";;;"16";"0";"0";"0";"16"
;"er zijn stembiljetten kwijtgeraakt (Briefstembureaus buitenland)";;;"0";"0";"0";"0";"0"
;"geen verklaring";;;"0";"0";"0";"0";"0"
;"andere verklaring";;;"0";"0";"0";"0";"0"
"1";"PVV (Partij voor de Vrijheid)";;;"7451";"92";"110";"9";"7240"
;;"1";"Wilders, G.";"6470";"85";"92";"9";"6284"
;;"2";"Stöteler, T.S.M.";"94";"0";"1";"0";"93"
;;"3";"Schilder, J.M.M.";"59";"1";"4";"0";"54"
;;"4";"Lammers, A.N.";"27";"1";"2";"0";"24"
;;"5";"Markuszower, G.";"71";"0";"1";"0";"70"
;;"6";"Bosma, M.";"372";"2";"5";"0";"365"
;;"7";"Claassen, R.A.B.";"19";"0";"2";"0";"17"
;;"8";"van Dijck, A.P.C.";"6";"0";"0";"0";"6"
;;"9";"Faber, M.H.M.";"136";"1";"1";"0";"134"
;;"10";"Maeijer, V.";"9";"0";"0";"0";"9"
;;"11";"Mulder, E.";"10";"0";"0";"0";"10"
;;"12";"Kops, A.";"3";"0";"0";"0";"3"
;;"13";"Vlottes, E.";"1";"0";"0";"0";"1"
;;"14";"Vondeling, M.";"14";"0";"0";"0";"14"
;;"15";"Heutink, H.D.";"6";"0";"0";"0";"6"
;;"16";"Mooiman, J.";"1";"0";"0";"0";"1"
;;"17";"Moinat, N.";"2";"0";"0";"0";"2"
;;"18";"Graus, D.J.G.";"12";"1";"0";"0";"11"
;;"19";"van Dijk, E.";"4";"0";"0";"0";"4"
;;"20";"ten Hove, T.";"2";"0";"0";"0";"2"
;;"21";"Prickaertz, E.C.";"5";"0";"0";"0";"5"
;;"22";"de Roon, R.";"3";"0";"0";"0";"3"
;;"23";"Boon, M.C.H.";"2";"0";"0";"0";"2"
;;"24";"Raijer, A.J.";"0";"0";"0";"0";"0"
;;"25";"van Meetelen, R.F.";"7";"0";"0";"0";"7"
;;"26";"Jansen, C.A.";"0";"0";"0";"0";"0"
;;"27";"Aardema, M.";"5";"0";"0";"0";"5"
;;"28";"Deen, M.";"2";"0";"0";"0";"2"
;;"29";"Nijhof-Leeuw, J.M.";"3";"0";"0";"0";"3"
;;"30";"de Vree, J.H.";"5";"0";"0";"0";"5"
;;"31";"Pool, J.";"1";"0";"0";"0";"1"
;;"32";"van der Hoeff, P.H.";"4";"0";"0";"0";"4"
;;"33";"Ram, D.";"2";"0";"0";"0";"2"
;;"34";"Crijns, P.P.";"5";"0";"0";"0";"5"
;;"35";"Smitskam, P.";"0";"0";"0";"0";"0"
;;"36";"Boutkan, W.";"8";"0";"0";"0";"8"
;;"37";"Thiadens, F.M.";"4";"0";"1";"0";"3"
;;"38";"Blaauw, R.B.";"5";"0";"0";"0";"5"
;;"39";"Valize, J.J.T.M.";"10";"0";"0";"0";"10"
;;"40";"Faddegon, C.J.";"1";"0";"0";"0";"1"
;;"41";"Clermonts, C.N.L.";"1";"0";"0";"0";"1"
;;"42";"Uppelschoten, N.A.";"3";"0";"0";"0";"3"
;;"43";"van Haasen, J.P.";"1";"0";"0";"0";"1"
;;"44";"Esser, E.R.F.";"1";"0";"0";"0";"1"
;;"45";"Rep, R.J.H.H.";"3";"0";"0";"0";"3"
;;"46";"Riezebos, C.H.";"0";"0";"0";"0";"0"
;;"47";"Grobben, S.M.";"0";"0";"0";"0";"0"
;;"48";"Megens, B.J.M.H.";"4";"0";"0";"0";"4"
;;"49";"Ubaghs, W.J.";"1";"0";"0";"0";"1"
;;"50";"Blömer, A.G.A.";"2";"0";"0";"0";"2"
;;"51";"Verbaarschot-Hendriks, M.";"1";"0";"0";"0";"1"
;;"52";"de Graaf, J.L.";"2";"0";"0";"0";"2"
;;"53";"Feeburg, F.";"1";"0";"0";"0";"1"
;;"54";"Ritzen, S.A.G.";"1";"0";"0";"0";"1"
;;"55";"de Moel, D.";"2";"0";"1";"0";"1"
;;"56";"de Boer, P.";"0";"0";"0";"0";"0"
;;"57";"Ahrens, J.";"1";"0";"0";"0";"1"
;;"58";"Roos, B.M.";"0";"0";"0";"0";"0"
;;"59";"Smits, S.";"0";"0";"0";"0";"0"
;;"60";"Casteleijn, A.A.A.";"1";"0";"0";"0";"1"
;;"61";"van Bijnen, H.M.";"2";"0";"0";"0";"2"
;;"62";"van Valderen, P.";"0";"0";"0";"0";"0"
;;"63";"de Vries, M.";"1";"0";"0";"0";"1"
;;"64";"Pfoster, D.D.W.";"4";"0";"0";"0";"4"
;;"65";"Griesen, J.";"0";"0";"0";"0";"0"
;;"66";"Zandman, I.F.";"1";"0";"0";"0";"1"
;;"67";"Alberts, S.A.M.";"4";"0";"0";"0";"4"
;;"68";"Blauw, K.A.";"0";"0";"0";"0";"0"
;;"69";"Klaassen, M.H.J.";"4";"0";"0";"0";"4"
;;"70";"Benerink, C.B.G.";"0";"0";"0";"0";"0"
;;"71";"van Stormbroek, A.";"0";"0";"0";"0";"0"
;;"72";"Cornelisse, N.";"1";"0";"0";"0";"1"
;;"73";"Liesveld, S.";"1";"0";"0";"0";"1"
;;"74";"Choenni, N.A.";"2";"0";"0";"0";"2"
;;"75";"van Kesteren, A.J.M.";"1";"0";"0";"0";"1"
;;"76";"Bezaan, I.A.";"3";"0";"0";"0";"3"
;;"77";"Blom, R.M.";"0";"0";"0";"0";"0"
;;"78";"Ehlers, M.";"1";"0";"0";"0";"1"
;;"79";"van Hattem, A.W.J.A.";"1";"1";"0";"0";"0"
;;"80";"Madlener, B.";"10";"0";"0";"0";"10"
"2";"GROENLINKS / Partij van de Arbeid (PvdA)";;;"25110";"125";"205";"25";"24755"
;;"1";"Timmermans, F.C.G.M.";"10923";"52";"92";"12";"10767"
;;"2";"Lahlah, A.";"3058";"19";"21";"2";"3016"
;;"3";"Klaver, J.F.";"2367";"14";"21";"1";"2331"
;;"4";"Piri, K.P.";"1043";"12";"9";"3";"1019"
;;"5";"Westerveld, E.M.";"1521";"3";"14";"0";"1504"
;;"6";"Moorman, M.";"1635";"7";"24";"3";"1601"
;;"7";"Stultiens, L.C.J.";"87";"1";"0";"1";"85"
;;"8";"de Hoop, H.E.";"412";"3";"2";"0";"407"
;;"9";"Bromet, L.";"233";"1";"0";"0";"232"
;;"10";"van Oosterhout, A.S.";"255";"0";"1";"0";"254"
;;"11";"Bushoff, T.J.";"111";"0";"0";"1";"110"
;;"12";"Kröger, S.C.";"231";"0";"0";"0";"231"
;;"13";"Mohandis, M.";"41";"0";"1";"0";"40"
;;"14";"Patijn, M.H.";"39";"0";"0";"0";"39"
;;"15";"Zalinyan, A.";"138";"0";"0";"1";"137"
;;"16";"van der Lee, T.M.T.";"32";"0";"0";"0";"32"
;;"17";"Mutluer, S.";"158";"0";"3";"0";"155"
;;"18";"Bolhuis, W.D.";"35";"0";"0";"0";"35"
;;"19";"Gabriëls, G.J.W.";"90";"0";"1";"0";"89"
;;"20";"Nordkamp, J.";"39";"0";"0";"0";"39"
;;"21";"van der Linden, J.J.";"81";"0";"0";"0";"81"
;;"22";"Roduner, F.J.";"32";"0";"1";"0";"31"
;;"23";"Hirsch, D.H.";"257";"1";"2";"0";"254"
;;"24";"Abdi, F.";"269";"1";"1";"0";"267"
;;"25";"Tseggai, M.";"324";"0";"2";"0";"322"
;;"26";"Pijpelink, A.";"113";"0";"0";"0";"113"
;;"27";"Vliegenthart, L.";"257";"4";"1";"1";"251"
;;"28";"Esser, M.J.W.";"6";"0";"0";"0";"6"
;;"29";"Haage, M.W.";"41";"0";"0";"0";"41"
;;"30";"White, R.J.";"40";"3";"4";"0";"33"
;;"31";"Vrolijks, I.L.";"52";"0";"0";"0";"52"
;;"32";"Kathmann, B.C.";"259";"2";"1";"0";"256"
;;"33";"Muns, L.";"31";"0";"0";"0";"31"
;;"34";"de Jong, H.A.";"7";"1";"0";"0";"6"
;;"35";"Chakor, G.";"87";"0";"1";"0";"86"
;;"36";"Vonk, M.";"5";"0";"0";"0";"5"
;;"37";"van der Zweth, R.";"13";"0";"0";"0";"13"
;;"38";"Vink, J.C.";"44";"0";"0";"0";"44"
;;"39";"Tak, D.P.A.";"15";"0";"0";"0";"15"
;;"40";"Nikshomar, S.";"28";"0";"0";"0";"28"
;;"41";"Hyder, I.F.";"12";"0";"0";"0";"12"
;;"42";"Sibbing, L.V.";"26";"0";"0";"0";"26"
;;"43";"Woltring, N.M.";"51";"0";"0";"0";"51"
;;"44";"Olivier, D.";"10";"0";"0";"0";"10"
;;"45";"de Kroon, T.A.";"4";"0";"0";"0";"4"
;;"46";"de Boer, M.M.";"12";"0";"0";"0";"12"
;;"47";"Boomsma, R.";"15";"0";"0";"0";"15"
;;"48";"de Jonge, T.F.";"16";"0";"0";"0";"16"
;;"49";"Bwefar, R.I.";"13";"0";"0";"0";"13"
;;"50";"Jeursen, L.B.";"10";"0";"0";"0";"10"
;;"51";"Daenen, J.W.B.";"18";"0";"0";"0";"18"
;;"52";"Bolding, F.";"11";"0";"0";"0";"11"
;;"53";"Mehdi, T.";"12";"0";"0";"0";"12"
;;"54";"Hamzad, P.";"20";"0";"0";"0";"20"
;;"55";"Visser, G.";"5";"0";"0";"0";"5"
;;"56";"Schreuders, J.M.";"47";"0";"0";"0";"47"
;;"57";"Bijl, M.";"2";"0";"0";"0";"2"
;;"58";"Piepers, R.J.A.";"11";"0";"0";"0";"11"
;;"59";"Ammerlaan, T.B.";"5";"0";"0";"0";"5"
;;"60";"Punte-Zwart, W.S.";"43";"0";"0";"0";"43"
;;"61";"Groenteman, H.";"28";"0";"0";"0";"28"
;;"62";"van Muiswinkel, F.L.";"42";"0";"0";"0";"42"
;;"63";"Romeijn, A.";"23";"0";"0";"0";"23"
;;"64";"Bijlo, V.R.";"3";"0";"0";"0";"3"
;;"65";"Jansen, L.";"3";"0";"0";"0";"3"
;;"66";"Chalgoum, A.";"4";"0";"0";"0";"4"
;;"67";"de Jong, N.S.";"24";"0";"1";"0";"23"
;;"68";"Wattimena, M.B.D.J.";"5";"0";"0";"0";"5"
;;"69";"Uğur, E.";"32";"0";"0";"0";"32"
;;"70";"Smeets, J.A.P.";"10";"0";"0";"0";"10"
;;"71";"Bas, L.A.J.L.";"4";"0";"0";"0";"4"
;;"72";"Karbache, A.";"3";"0";"0";"0";"3"
;;"73";"Blom, P.";"3";"0";"0";"0";"3"
;;"74";"Gesthuizen, S.M.J.G.";"6";"0";"0";"0";"6"
;;"75";"Roovers, T.T.A.J.";"1";"0";"0";"0";"1"
;;"76";"Jongerius, A.M.";"13";"0";"0";"0";"13"
;;"77";"van Gent, W.";"13";"0";"0";"0";"13"
;;"78";"van Es, A.C.";"22";"0";"0";"0";"22"
;;"79";"Pronk, J.P.";"45";"0";"0";"0";"45"
;;"80";"d' Ancona, H.";"74";"1";"2";"0";"71"
"3";"VVD";;;"8346";"61";"216";"21";"8048"
;;"1";"Yeşilgöz-Zegerius, D.";"3475";"24";"105";"6";"3340"
;;"2";"Heinen, E.";"1176";"8";"22";"1";"1145"
;;"3";"Brekelmans, R.P.";"1329";"10";"29";"2";"1288"
;;"4";"Karremans, V.P.G.";"1019";"9";"31";"6";"973"
;;"5";"van der Burg, E.";"241";"1";"7";"1";"232"
;;"6";"Becker, B.";"238";"6";"12";"0";"220"
;;"7";"van Eijk-Nagel, W.P.J.";"142";"0";"2";"0";"140"
;;"8";"Erkens, S.P.A.";"77";"0";"0";"0";"77"
;;"9";"Martens-America, C.";"31";"0";"2";"0";"29"
;;"10";"Nobel, J.N.J.";"12";"1";"0";"0";"11"
;;"11";"van Campen, A.A.H.";"25";"0";"0";"0";"25"
;;"12";"Rajkowski, Q.M.";"48";"0";"0";"0";"48"
;;"13";"Ellian, U.";"36";"0";"1";"0";"35"
;;"14";"Aartsen, A.A.";"21";"0";"0";"0";"21"
;;"15";"Michon-Derkzen, I.J.M.";"24";"1";"0";"0";"23"
;;"16";"de Groot, P.C.";"18";"0";"0";"0";"18"
;;"17";"Bevers, H.";"7";"0";"0";"0";"7"
;;"18";"den Hollander, R.";"12";"0";"0";"0";"12"
;;"19";"Kisteman, A.";"7";"0";"0";"0";"7"
;;"20";"de Kort, A.H.J.";"22";"0";"0";"0";"22"
;;"21";"Wendel, H.";"37";"0";"1";"1";"35"
;;"22";"Schutz, B.A.";"2";"0";"0";"0";"2"
;;"23";"Bikkers, B.T.";"5";"0";"0";"0";"5"
;;"24";"Müller, A.S.";"21";"1";"1";"0";"19"
;;"25";"Meulenkamp, W.J.H.";"9";"0";"0";"0";"9"
;;"26";"de Beer, M.E.E.";"18";"0";"0";"0";"18"
;;"27";"Maes, N.C.J.";"7";"0";"0";"0";"7"
;;"28";"van der Maas, E.J.";"8";"0";"0";"0";"8"
;;"29";"Verkuijlen, R.";"10";"0";"0";"0";"10"
;;"30";"van Groningen-de Haas, D.A.";"21";"0";"1";"0";"20"
;;"31";"Berk, A.S.";"4";"0";"0";"0";"4"
;;"32";"Richardson, S.M.";"6";"0";"0";"0";"6"
;;"33";"Hoebink, J.";"13";"0";"0";"0";"13"
;;"34";"Buijsse, M.R.G.";"7";"0";"0";"0";"7"
;;"35";"van Kessel, P.W.";"8";"0";"0";"0";"8"
;;"36";"Janssen, V.C.";"3";"0";"0";"0";"3"
;;"37";"Eikelenboom, D.";"12";"0";"0";"2";"10"
;;"38";"Nijssen, S.C.";"1";"0";"0";"0";"1"
;;"39";"Hartsuiker, R.J.J.";"11";"0";"0";"0";"11"
;;"40";"Zeeuw van der Laan, E.M.";"4";"0";"0";"0";"4"
;;"41";"Yizhak Cooremans, R.A.T.";"23";"0";"1";"0";"22"
;;"42";"Melisse, T.C.";"6";"0";"0";"0";"6"
;;"43";"Hoogezand, B.";"0";"0";"0";"0";"0"
;;"44";"Huckriede, J.M.A.";"2";"0";"0";"0";"2"
;;"45";"van Dijken, A.J.";"2";"0";"0";"0";"2"
;;"46";"Nelisse, R.M.L.";"9";"0";"0";"0";"9"
;;"47";"Verwoort, R.J.";"4";"0";"0";"0";"4"
;;"48";"Kohli, N.R.";"2";"0";"0";"0";"2"
;;"49";"Arends-Drijver, K.";"4";"0";"0";"0";"4"
;;"50";"Vulpes, M.J.";"1";"0";"0";"0";"1"
;;"51";"Aptroot, B.W.";"3";"0";"1";"0";"2"
;;"52";"Vermeulen, D.";"3";"0";"0";"0";"3"
;;"53";"Versluijs, J.J.F.";"6";"0";"0";"0";"6"
;;"54";"Rodoe, H.";"4";"0";"0";"0";"4"
;;"55";"van Os, J.L.P.";"0";"0";"0";"0";"0"
;;"56";"Bruin, R.N.";"0";"0";"0";"0";"0"
;;"57";"van Nieuwamerongen-Oosterkamp, A.T.";"4";"0";"0";"0";"4"
;;"58";"Ens, A.A.";"2";"0";"0";"0";"2"
;;"59";"Toussaint, C.A.";"0";"0";"0";"0";"0"
;;"60";"Simons, I.A.W.";"12";"0";"0";"0";"12"
;;"61";"Jansen, J.F.";"1";"0";"0";"0";"1"
;;"62";"van Berlo, J.T.M.";"6";"0";"0";"0";"6"
;;"63";"van den Beld, A.J.";"4";"0";"0";"0";"4"
;;"64";"Voogt, M.J.A.";"0";"0";"0";"0";"0"
;;"65";"Zagers, R.J.C.";"12";"0";"0";"0";"12"
;;"66";"Gadella, J.A.N.";"0";"0";"0";"0";"0"
;;"67";"de Visser, N.J.G.";"11";"0";"0";"0";"11"
;;"68";"Altenburg-Collin, E.M.M.P.";"5";"0";"0";"0";"5"
;;"69";"de Kruijf, D.G.";"1";"0";"0";"0";"1"
;;"70";"van Dalen, M.G.";"6";"0";"0";"0";"6"
;;"71";"Vliegen, S.M.J.A.J.";"4";"0";"0";"1";"3"
;;"72";"van Eendenburg, J.M.";"10";"0";"0";"1";"9"
;;"73";"van Dijk, K.";"6";"0";"0";"0";"6"
;;"74";"Vleij, F.";"2";"0";"0";"0";"2"
;;"75";"van den Hoogenband, P.P.";"2";"0";"0";"0";"2"
;;"76";"Aardoom, J.Y.";"1";"0";"0";"0";"1"
;;"77";"Verheij, J.W.";"2";"0";"0";"0";"2"
;;"78";"Amani-Ayan, K.";"6";"0";"0";"0";"6"
;;"79";"van Santen, N.";"4";"0";"0";"0";"4"
;;"80";"Rijmers, C.H.M.";"9";"0";"0";"0";"9"
"4";"Nieuw Sociaal Contract (NSC)";;;"331";"2";"2";"1";"326"
;;"1";"van Hijum, Y.J.";"159";"1";"2";"0";"156"
;;"2";"Uitermark, J.J.M.";"71";"1";"0";"0";"70"
;;"3";"Welzijn, R.M.";"16";"0";"0";"0";"16"
;;"4";"van Oostenbruggen, T.";"6";"0";"0";"0";"6"
;;"5";"Wingelaar, N.T.P.";"12";"0";"0";"0";"12"
;;"6";"Saris, I.G.";"8";"0";"0";"0";"8"
;;"7";"van Dalen, J.A.";"6";"0";"0";"0";"6"
;;"8";"Bruyning, F.H.";"8";"0";"0";"1";"7"
;;"9";"Beukema, T.P.";"2";"0";"0";"0";"2"
;;"10";"Geleijnse, S.";"0";"0";"0";"0";"0"
;;"11";"Koops, W.J.";"7";"0";"0";"0";"7"
;;"12";"Verouden, V.C.H.M.";"7";"0";"0";"0";"7"
;;"13";"Kouwenhoven, A.J.";"1";"0";"0";"0";"1"
;;"14";"Wessels, R.";"0";"0";"0";"0";"0"
;;"15";"Vredenburg, J.P.";"1";"0";"0";"0";"1"
;;"16";"van der Meulen, J.A.J.";"0";"0";"0";"0";"0"
;;"17";"de Korte - Verhoef, M.C.";"0";"0";"0";"0";"0"
;;"18";"van der Duim, R.D.";"1";"0";"0";"0";"1"
;;"19";"Louwerens-Huys, M.S.N.";"1";"0";"0";"0";"1"
;;"20";"Mauer, Q.";"2";"0";"0";"0";"2"
;;"21";"Mol, I.";"4";"0";"0";"0";"4"
;;"22";"Goorhuis, P.H.J.";"0";"0";"0";"0";"0"
;;"23";"IJkema, K.R.";"1";"0";"0";"0";"1"
;;"24";"Bootsma, L.";"1";"0";"0";"0";"1"
;;"25";"Meijvogel-Volk, S.T.";"2";"0";"0";"0";"2"
;;"26";"Hermse, K.";"0";"0";"0";"0";"0"
;;"27";"Steijling, W.A.H.";"3";"0";"0";"0";"3"
;;"28";"Roelofs, J.";"1";"0";"0";"0";"1"
;;"29";"van Ginneken, J.C.A.";"2";"0";"0";"0";"2"
;;"30";"Gotink, H.G.P.";"2";"0";"0";"0";"2"
;;"31";"Jonkman, T.H.";"1";"0";"0";"0";"1"
;;"32";"Kersten, H.J.";"6";"0";"0";"0";"6"
"5";"D66";;;"16049";"182";"293";"48";"15526"
;;"1";"Jetten, R.A.A.";"10801";"132";"206";"31";"10432"
;;"2";"Paternotte, J.M.";"835";"4";"6";"3";"822"
;;"3";"Vijlbrief, J.A.";"250";"1";"2";"0";"247"
;;"4";"Podt, A.";"1102";"7";"27";"4";"1064"
;;"5";"Sneller, J.C.";"117";"0";"1";"0";"116"
;;"6";"van Berkel, N.";"322";"4";"8";"1";"309"
;;"7";"Paulusma, W.";"278";"2";"2";"2";"272"
;;"8";"Belhirch, F.";"228";"6";"3";"2";"217"
;;"9";"van der Werf, J.J.";"322";"4";"8";"0";"310"
;;"10";"Bamenga, P.";"130";"1";"1";"1";"127"
;;"11";"Klos, F.C.O.";"79";"1";"0";"0";"78"
;;"12";"Synhaeve, M.";"130";"1";"1";"0";"128"
;;"13";"Rooderkerk, I.";"189";"3";"2";"1";"183"
;;"14";"van Asten, R.J.";"22";"0";"2";"0";"20"
;;"15";"Oualhadj, A.";"154";"1";"0";"1";"152"
;;"16";"Biekman, A.N.";"91";"2";"0";"1";"88"
;;"17";"Huizenga, R.A.";"51";"0";"1";"0";"50"
;;"18";"Dijk, H.L.O.";"73";"6";"8";"1";"58"
;;"19";"El Boujdaini, S.";"149";"2";"2";"0";"145"
;;"20";"Oosterhuis, H.";"3";"0";"0";"0";"3"
;;"21";"Schoonis, J.";"87";"0";"0";"0";"87"
;;"22";"Castelein, K.D.J.";"11";"0";"0";"0";"11"
;;"23";"Neijenhuis, S.J.";"12";"0";"0";"0";"12"
;;"24";"Köse, U.I.";"19";"0";"2";"0";"17"
;;"25";"Vervuurt, M.";"50";"0";"0";"0";"50"
;;"26";"Huidekooper, D.J.";"6";"0";"0";"0";"6"
;;"27";"Vellinga-Beemsterboer, M.C.A.";"29";"0";"3";"0";"26"
;;"28";"van Leijen, R.M.";"4";"0";"0";"0";"4"
;;"29";"Jagtenberg, M.H.";"28";"0";"0";"0";"28"
;;"30";"Mathlouti, M.";"1";"0";"0";"0";"1"
;;"31";"van Damme, L.";"13";"0";"1";"0";"12"
;;"32";"Stifanos, Y.T.P.";"4";"0";"0";"0";"4"
;;"33";"Hoekstra, M.L.";"11";"1";"0";"0";"10"
;;"34";"Borm, H.J.J.";"30";"0";"1";"0";"29"
;;"35";"Smulders, E.";"4";"0";"0";"0";"4"
;;"36";"Barkey Wolf, E.F.H.";"6";"0";"0";"0";"6"
;;"37";"Ghering, O.W.";"6";"0";"0";"0";"6"
;;"38";"Woudstra, E.";"11";"0";"0";"0";"11"
;;"39";"Bonten, B.";"34";"0";"0";"0";"34"
;;"40";"Derks, M.";"11";"0";"2";"0";"9"
;;"41";"Regtuijt, S.M.";"5";"0";"0";"0";"5"
;;"42";"Senden, Y.W.E.";"0";"0";"0";"0";"0"
;;"43";"Pander, J.T.";"2";"0";"0";"0";"2"
;;"44";"Berends, T.";"7";"0";"0";"0";"7"
;;"45";"Maessen, R.J.M.";"8";"0";"0";"0";"8"
;;"46";"Gräper-van Koolwijk, F.Q.";"9";"0";"0";"0";"9"
;;"47";"Dijkstra, P.A.";"29";"0";"1";"0";"28"
;;"48";"Ollongren, K.H.";"65";"0";"1";"0";"64"
;;"49";"Dijkgraaf, R.H.";"141";"3";"0";"0";"138"
;;"50";"Phlippen, S.M.W.";"80";"1";"2";"0";"77"
"6";"BBB";;;"1193";"5";"16";"2";"1170"
;;"1";"van der Plas, C.A.M.";"445";"1";"7";"1";"436"
;;"2";"Keijzer, M.C.G.";"477";"4";"7";"1";"465"
;;"3";"Vermeer, H.";"34";"0";"0";"0";"34"
;;"4";"Wiersma, F.M.";"50";"0";"0";"0";"50"
;;"5";"van Zanten, C.R.";"18";"0";"0";"0";"18"
;;"6";"Tuinman, G.P.";"39";"0";"2";"0";"37"
;;"7";"Wijen-Nass, M.J.M.H.";"27";"0";"0";"0";"27"
;;"8";"Joseph, A.S.";"49";"0";"0";"0";"49"
;;"9";"Oostenbrink, M.";"1";"0";"0";"0";"1"
;;"10";"Hendriks, A.J.";"2";"0";"0";"0";"2"
;;"11";"Govaert, C.A.H.M.";"6";"0";"0";"0";"6"
;;"12";"Tieman, R.";"1";"0";"0";"0";"1"
;;"13";"Rummenie, J.F.";"2";"0";"0";"0";"2"
;;"14";"van Marum, E.";"4";"0";"0";"0";"4"
;;"15";"Wiegmans- de Winter, D.";"0";"0";"0";"0";"0"
;;"16";"Karsbergen, K.G.";"0";"0";"0";"0";"0"
;;"17";"den Hertog, E.W.J.";"2";"0";"0";"0";"2"
;;"18";"de Ridder, R.J.G.";"0";"0";"0";"0";"0"
;;"19";"Hankers, H.F.";"0";"0";"0";"0";"0"
;;"20";"Sprik, H.C.";"0";"0";"0";"0";"0"
;;"21";"Morsink, A.J.";"1";"0";"0";"0";"1"
;;"22";"van Veen-van den Berg, A.";"1";"0";"0";"0";"1"
;;"23";"Meeldijk, C.W.";"0";"0";"0";"0";"0"
;;"24";"Pabon, M.";"2";"0";"0";"0";"2"
;;"25";"Buis, D.G.J.";"1";"0";"0";"0";"1"
;;"26";"de Groot, J.M.";"2";"0";"0";"0";"2"
;;"27";"Olthof, J.F.";"3";"0";"0";"0";"3"
;;"28";"Huijbens, N.A.";"0";"0";"0";"0";"0"
;;"29";"Brouwer, K.W.P.";"1";"0";"0";"0";"1"
;;"30";"Stienstra, F.J.";"0";"0";"0";"0";"0"
;;"31";"Berg, B.";"1";"0";"0";"0";"1"
;;"32";"Meijroos, W.M.S.";"0";"0";"0";"0";"0"
;;"33";"Dekker, J.H.";"1";"0";"0";"0";"1"
;;"34";"Flipsen-Verhagen, M.C.C.";"3";"0";"0";"0";"3"
;;"35";"Zeitsen, T.V.C.";"0";"0";"0";"0";"0"
;;"36";"Vrugt, J.A.";"0";"0";"0";"0";"0"
;;"37";"Lagas, I.M.";"0";"0";"0";"0";"0"
;;"38";"van de Ven, M.J.H.";"1";"0";"0";"0";"1"
;;"39";"Zoet, H.R.";"0";"0";"0";"0";"0"
;;"40";"Schoolmeesters, A.M.A.";"2";"0";"0";"0";"2"
;;"41";"Lievense, R.";"2";"0";"0";"0";"2"
;;"42";"Schuiling, H.";"0";"0";"0";"0";"0"
;;"43";"Hoving, K.K.T.";"3";"0";"0";"0";"3"
;;"44";"Adolfs, N.F.";"2";"0";"0";"0";"2"
;;"45";"de Sain, G.M.";"3";"0";"0";"0";"3"
;;"46";"Kooistra, A.W.";"0";"0";"0";"0";"0"
;;"47";"Beemsterboer, J.C.J.";"1";"0";"0";"0";"1"
;;"48";"Koks, N.";"1";"0";"0";"0";"1"
;;"49";"Lodders, W.J.H.";"0";"0";"0";"0";"0"
;;"50";"Pouw-Verweij, N.J.F.";"5";"0";"0";"0";"5"
"7";"CDA";;;"8916";"67";"124";"20";"8705"
;;"1";"Bontenbal, H.";"7404";"57";"103";"17";"7227"
;;"2";"Steen, H.S.";"458";"2";"6";"0";"450"
;;"3";"Boswijk, D.G.";"88";"1";"1";"0";"86"
;;"4";"van Dijk, I.";"119";"1";"2";"0";"116"
;;"5";"Krul, H.M.";"25";"0";"0";"0";"25"
;;"6";"Straatman, J.C.G.";"86";"0";"1";"0";"85"
;;"7";"van den Brink, G.";"53";"2";"1";"0";"50"
;;"8";"Buhler, J.G.L.M.";"176";"1";"0";"1";"174"
;;"9";"Jumelet, H.G.";"29";"0";"0";"0";"29"
;;"10";"van Ark, A.F.J.";"24";"0";"0";"0";"24"
;;"11";"van den Brink, T.A.";"52";"0";"2";"0";"50"
;;"12";"Zwinkels, J.M.";"26";"1";"0";"0";"25"
;;"13";"van Lanschot, M.R.H.";"38";"1";"0";"2";"35"
;;"14";"Boelsma-Hoekstra, L.";"16";"0";"0";"0";"16"
;;"15";"Koorevaar, J.C.";"9";"0";"0";"0";"9"
;;"16";"Tijmstra, E.S.";"8";"0";"1";"0";"7"
;;"17";"Hamstra, S.";"5";"0";"0";"0";"5"
;;"18";"Armut, E.";"34";"1";"1";"0";"32"
;;"19";"Poortman, A.";"8";"0";"0";"0";"8"
;;"20";"Lohman, J.B.";"7";"0";"0";"0";"7"
;;"21";"van den Berg, J.H.C.";"12";"0";"0";"0";"12"
;;"22";"Hanegraaff, M.C.";"13";"0";"1";"0";"12"
;;"23";"Klein, K.P.";"6";"0";"0";"0";"6"
;;"24";"van der Spek, A.M.";"27";"0";"1";"0";"26"
;;"25";"Tolkamp, A.J.H.";"24";"0";"0";"0";"24"
;;"26";"Hawezy, H.";"1";"0";"0";"0";"1"
;;"27";"de Hoon, A.J.M.";"19";"0";"0";"0";"19"
;;"28";"de Vries, J.N.";"7";"0";"0";"0";"7"
;;"29";"Mastenbroek, S.M.";"8";"0";"0";"0";"8"
;;"30";"Heijnen, E.J.";"16";"0";"0";"0";"16"
;;"31";"Boonstra, J.T.";"8";"0";"0";"0";"8"
;;"32";"van Brakel, C.E.P.";"7";"0";"0";"0";"7"
;;"33";"Noort, I.B.";"14";"0";"0";"0";"14"
;;"34";"Wijnsma, S.";"6";"0";"0";"0";"6"
;;"35";"Vliegenthart-Goedhart, D.G.C.";"4";"0";"0";"0";"4"
;;"36";"Bracke, D.G.A.J.";"10";"0";"1";"0";"9"
;;"37";"Tuncer, Y.";"0";"0";"0";"0";"0"
;;"38";"Vrugt, R.";"2";"0";"0";"0";"2"
;;"39";"van Die, S.";"0";"0";"0";"0";"0"
;;"40";"Buijs, P.M.";"6";"0";"0";"0";"6"
;;"41";"Silos, J.J.";"0";"0";"0";"0";"0"
;;"42";"Drenth, E.";"3";"0";"0";"0";"3"
;;"43";"Boogaard, P.";"2";"0";"0";"0";"2"
;;"44";"van der Mik, E.";"3";"0";"0";"0";"3"
;;"45";"Schokker, H.G.";"4";"0";"0";"0";"4"
;;"46";"Wever, W.A.";"3";"0";"0";"0";"3"
;;"47";"Sips, S.M.P.";"6";"0";"0";"0";"6"
;;"48";"van Dijk-Wijmenga, L.S.";"3";"0";"0";"0";"3"
;;"49";"Rossen, G.L.";"7";"0";"0";"0";"7"
;;"50";"Sedoc, G.H.";"30";"0";"3";"0";"27"
"8";"SP (Socialistische Partij)";;;"1517";"8";"20";"6";"1483"
;;"1";"Dijk, J.P.";"902";"5";"8";"3";"886"
;;"2";"Beckerman, S.M.";"216";"1";"2";"2";"211"
;;"3";"Dobbe, S.E.M.";"137";"1";"0";"1";"135"
;;"4";"Meijer, B.W.V.";"10";"0";"0";"0";"10"
;;"5";"Hondmann, M.M.";"14";"0";"0";"0";"14"
;;"6";"Elfrink, G.E.";"4";"0";"0";"0";"4"
;;"7";"van den Hout, S.G.";"9";"1";"0";"0";"8"
;;"8";"Biharie, S.";"61";"0";"2";"0";"59"
;;"9";"Blom, S.";"45";"0";"0";"0";"45"
;;"10";"Kuin, R.M.";"4";"0";"0";"0";"4"
;;"11";"Vossenberg, L.J.A.M.";"4";"0";"0";"0";"4"
;;"12";"Cramer, A.";"5";"0";"0";"0";"5"
;;"13";"Witsenburg, A.";"9";"0";"0";"0";"9"
;;"14";"Wever, E.N.";"14";"0";"8";"0";"6"
;;"15";"ten Broeke, M.J.";"3";"0";"0";"0";"3"
;;"16";"van Halm, T.";"7";"0";"0";"0";"7"
;;"17";"Peltenburg, S.L.M.J.";"0";"0";"0";"0";"0"
;;"18";"van Rossum, L.";"7";"0";"0";"0";"7"
;;"19";"Boer, M.I.";"2";"0";"0";"0";"2"
;;"20";"Eaisaouiyen, M.";"4";"0";"0";"0";"4"
;;"21";"van der Sluis, J.H.A.";"1";"0";"0";"0";"1"
;;"22";"Drost, S.N.";"5";"0";"0";"0";"5"
;;"23";"Schwarz, S.";"7";"0";"0";"0";"7"
;;"24";"Merks, R.C.M.";"0";"0";"0";"0";"0"
;;"25";"van Winden, M.W.J.";"0";"0";"0";"0";"0"
;;"26";"Verdaasdonk, I.";"9";"0";"0";"0";"9"
;;"27";"Harris, D.C.";"0";"0";"0";"0";"0"
;;"28";"Smith, D.J.M.";"0";"0";"0";"0";"0"
;;"29";"Kuitert, E.E.";"2";"0";"0";"0";"2"
;;"30";"Goede, J.F.";"3";"0";"0";"0";"3"
;;"31";"Schapendonk, E.M.";"1";"0";"0";"0";"1"
;;"32";"Topma, X.M.";"2";"0";"0";"0";"2"
;;"33";"Wolters Gregorio, J.";"1";"0";"0";"0";"1"
;;"34";"Moriarty Linthorst, A.P.";"7";"0";"0";"0";"7"
;;"35";"Delsen, A.A.";"0";"0";"0";"0";"0"
;;"36";"Başoğlu, E.";"1";"0";"0";"0";"1"
;;"37";"de Kleijn, R.C.";"0";"0";"0";"0";"0"
;;"38";"Mineur, A.C.";"2";"0";"0";"0";"2"
;;"39";"Wieken, Y.";"1";"0";"0";"0";"1"
;;"40";"Singh, J.";"4";"0";"0";"0";"4"
;;"41";"van Eck, J.J.A.W.";"2";"0";"0";"0";"2"
;;"42";"Zandvliet-Oldenkamp, L.";"1";"0";"0";"0";"1"
;;"43";"Hoogervorst, W.";"1";"0";"0";"0";"1"
;;"44";"van de Kolk, I.A.H.";"1";"0";"0";"0";"1"
;;"45";"Smit, T.";"0";"0";"0";"0";"0"
;;"46";"Flentge, E.A.";"1";"0";"0";"0";"1"
;;"47";"Bos, R.F.A.";"0";"0";"0";"0";"0"
;;"48";"Coşkun, T.S.J.";"0";"0";"0";"0";"0"
;;"49";"Alberts-Oosterbaan, R.";"1";"0";"0";"0";"1"
;;"50";"Poppe, R.J.L.";"7";"0";"0";"0";"7"
"9";"DENK";;;"308";"1";"4";"1";"302"
;;"1";"van Baarle, S.R.T.";"220";"1";"4";"1";"214"
;;"2";"Ergin, D.A.";"18";"0";"0";"0";"18"
;;"3";"El Abassi, I.";"15";"0";"0";"0";"15"
;;"4";"Esen, E.";"16";"0";"0";"0";"16"
;;"5";"Abaâziz, N.";"9";"0";"0";"0";"9"
;;"6";"Icar, N.";"2";"0";"0";"0";"2"
;;"7";"Rehim Zadeh, E.";"1";"0";"0";"0";"1"
;;"8";"Ghazi, M.I.";"0";"0";"0";"0";"0"
;;"9";"Alieva, S.V.";"2";"0";"0";"0";"2"
;;"10";"Hellings, O.R.";"2";"0";"0";"0";"2"
;;"11";"Tekin, A.";"1";"0";"0";"0";"1"
;;"12";"Kaya, A.";"1";"0";"0";"0";"1"
;;"13";"Kuzey, Ş.";"0";"0";"0";"0";"0"
;;"14";"Özcan, R.";"0";"0";"0";"0";"0"
;;"15";"Tap, T.A.";"2";"0";"0";"0";"2"
;;"16";"Manhoef, E.E.";"1";"0";"0";"0";"1"
;;"17";"Khan, S.Y.";"1";"0";"0";"0";"1"
;;"18";"Kondu, F.";"1";"0";"0";"0";"1"
;;"19";"Kuipers, S.";"1";"0";"0";"0";"1"
;;"20";"Ağirbaş, A.";"0";"0";"0";"0";"0"
;;"21";"Heybeli, M.";"0";"0";"0";"0";"0"
;;"22";"Mahmood, A.A.";"0";"0";"0";"0";"0"
;;"23";"Sakim, M.";"0";"0";"0";"0";"0"
;;"24";"Abdoelrahman, M.I.H.";"1";"0";"0";"0";"1"
;;"25";"Al Mansoury, E.";"3";"0";"0";"0";"3"
;;"26";"Amraoui, A.";"0";"0";"0";"0";"0"
;;"27";"Agha, R.";"0";"0";"0";"0";"0"
;;"28";"Bal, M.I.";"4";"0";"0";"0";"4"
;;"29";"Abubaker, Z.";"0";"0";"0";"0";"0"
;;"30";"Aydin, B.K.";"0";"0";"0";"0";"0"
;;"31";"Aboelkasem, E.";"1";"0";"0";"0";"1"
;;"32";"Ayverdi, M.E.";"0";"0";"0";"0";"0"
;;"33";"Neshan, L.";"0";"0";"0";"0";"0"
;;"34";"Gökmen, G.";"2";"0";"0";"0";"2"
;;"35";"El Majjaoui, M.";"0";"0";"0";"0";"0"
;;"36";"Fkihi, O.";"0";"0";"0";"0";"0"
;;"37";"Ünal, H.";"0";"0";"0";"0";"0"
;;"38";"Akhatab, N.";"0";"0";"0";"0";"0"
;;"39";"Özçelik, S.";"0";"0";"0";"0";"0"
;;"40";"Bayrakci, Y.C.";"0";"0";"0";"0";"0"
;;"41";"Kocabiyik, M.";"2";"0";"0";"0";"2"
;;"42";"El Ghaddari, A.";"0";"0";"0";"0";"0"
;;"43";"Çelik, B.";"0";"0";"0";"0";"0"
;;"44";"Tacirlioğlu, B.";"0";"0";"0";"0";"0"
;;"45";"Yacoubi, A.";"0";"0";"0";"0";"0"
;;"46";"Şahin, E.";"0";"0";"0";"0";"0"
;;"47";"Moussane, J.";"0";"0";"0";"0";"0"
;;"48";"Dağdelen, Y.";"0";"0";"0";"0";"0"
;;"49";"Bülbül, T.";"0";"0";"0";"0";"0"
;;"50";"Achbar, F.";"2";"0";"0";"0";"2"
"10";"Partij voor de Dieren";;;"3334";"18";"11";"8";"3297"
;;"1";"Ouwehand, E.";"2271";"14";"7";"4";"2246"
;;"2";"Kostić, I.";"332";"3";"1";"3";"325"
;;"3";"Teunissen, C.";"142";"1";"0";"0";"141"
;;"4";"van Hassel, F.";"37";"0";"1";"0";"36"
;;"5";"Mathijsen, D.D.";"74";"0";"1";"1";"72"
;;"6";"van Wijlandt, K.";"19";"0";"0";"0";"19"
;;"7";"Krijger, A.L.";"97";"0";"0";"0";"97"
;;"8";"van Schaik-Gerritsen, M.";"16";"0";"0";"0";"16"
;;"9";"Stoffels, W.E.R.";"15";"0";"0";"0";"15"
;;"10";"Coşkun, Z.P.";"85";"0";"0";"0";"85"
;;"11";"Travaille, A.";"6";"0";"0";"0";"6"
;;"12";"Bersch, F.";"7";"0";"0";"0";"7"
;;"13";"van Langen, R.J.";"30";"0";"0";"0";"30"
;;"14";"Groenewege, P.J.L.";"2";"0";"0";"0";"2"
;;"15";"Muller, M.";"21";"0";"0";"0";"21"
;;"16";"Barker, R.N.";"0";"0";"0";"0";"0"
;;"17";"Butterman, O.S.";"4";"0";"0";"0";"4"
;;"18";"Zandwijken, Y.X.";"5";"0";"0";"0";"5"
;;"19";"Huitema, J.";"2";"0";"0";"0";"2"
;;"20";"Pallandt, C.M.J.";"10";"0";"1";"0";"9"
;;"21";"Pieterson, S.";"3";"0";"0";"0";"3"
;;"22";"Karadarević, A.";"10";"0";"0";"0";"10"
;;"23";"van Lubek, N.M.";"9";"0";"0";"0";"9"
;;"24";"van den Broek, J.M.";"10";"0";"0";"0";"10"
;;"25";"van de Weerd, D.M.";"0";"0";"0";"0";"0"
;;"26";"Markandu, G.";"8";"0";"0";"0";"8"
;;"27";"Scheijde, E.F.";"6";"0";"0";"0";"6"
;;"28";"Lauret, E.A.H.";"12";"0";"0";"0";"12"
;;"29";"Vlasveld, A.I.";"7";"0";"0";"0";"7"
;;"30";"van Mondfrans, N.";"3";"0";"0";"0";"3"
;;"31";"Madani, S.N.";"0";"0";"0";"0";"0"
;;"32";"Wijnans, P.";"5";"0";"0";"0";"5"
;;"33";"Wong, Y.";"7";"0";"0";"0";"7"
;;"34";"van Lierop, J.";"3";"0";"0";"0";"3"
;;"35";"Groters, R.A.";"0";"0";"0";"0";"0"
;;"36";"Woudstra, A.J.";"3";"0";"0";"0";"3"
;;"37";"Nasroen, V.P.";"7";"0";"0";"0";"7"
;;"38";"van Loo, J.M.";"0";"0";"0";"0";"0"
;;"39";"van der Toorn, T.";"4";"0";"0";"0";"4"
;;"40";"Lammers, J.";"7";"0";"0";"0";"7"
;;"41";"Lievense, P.J.";"5";"0";"0";"0";"5"
;;"42";"Eroğlu, C.";"2";"0";"0";"0";"2"
;;"43";"Voskamp, A.T.";"2";"0";"0";"0";"2"
;;"44";"Jonkers, G.V.A.A.D.";"1";"0";"0";"0";"1"
;;"45";"Schotveld, J.M.";"4";"0";"0";"0";"4"
;;"46";"Luijendijk, J.";"2";"0";"0";"0";"2"
;;"47";"van Esch, E.M.";"5";"0";"0";"0";"5"
;;"48";"Wassenberg, F.P.";"10";"0";"0";"0";"10"
;;"49";"Strik, M.C.G.";"16";"0";"0";"0";"16"
;;"50";"van Coeverden, E.M.";"8";"0";"0";"0";"8"
"11";"Forum voor Democratie";;;"3076";"31";"64";"8";"2973"
;;"1";"de Vos, L.G.";"2154";"25";"55";"7";"2067"
;;"2";"Baudet, T.H.P.";"331";"4";"3";"1";"323"
;;"3";"van Meijeren, G.F.C.";"380";"0";"4";"0";"376"
;;"4";"Jansen, F.J.H.";"7";"0";"1";"0";"6"
;;"5";"Dekker, R.J.";"42";"0";"0";"0";"42"
;;"6";"van Houwelingen, P.";"94";"2";"0";"0";"92"
;;"7";"van Duijvenvoorde, P.";"1";"0";"0";"0";"1"
;;"8";"Russcher, T.K.";"1";"0";"0";"0";"1"
;;"9";"Etalle, M.J.S.";"1";"0";"0";"0";"1"
;;"10";"Schenk, M.";"1";"0";"0";"0";"1"
;;"11";"Al Biyati, I.";"13";"0";"0";"0";"13"
;;"12";"Bakir, A.";"3";"0";"0";"0";"3"
;;"13";"van Asch, R.W.G.T.";"0";"0";"0";"0";"0"
;;"14";"Knoester, N.A.";"2";"0";"0";"0";"2"
;;"15";"Koopman, P.";"0";"0";"0";"0";"0"
;;"16";"Antolini, B.M.";"2";"0";"1";"0";"1"
;;"17";"Hendriksen-Mauriks, E.R.M.";"1";"0";"0";"0";"1"
;;"18";"Hadderingh, B.S.T.";"0";"0";"0";"0";"0"
;;"19";"Panis, T.";"1";"0";"0";"0";"1"
;;"20";"Vos, A.V.B.";"1";"0";"0";"0";"1"
;;"21";"El Masoudi, F.";"3";"0";"0";"0";"3"
;;"22";"van den Boomgaard, M.R.";"0";"0";"0";"0";"0"
;;"23";"Akkermans-Linssen, M.W.J.";"0";"0";"0";"0";"0"
;;"24";"de Clippelaar, L.";"0";"0";"0";"0";"0"
;;"25";"Hartman, M.";"1";"0";"0";"0";"1"
;;"26";"Wittebrood, J.C.";"1";"0";"0";"0";"1"
;;"27";"van der Voort, J.A.";"3";"0";"0";"0";"3"
;;"28";"Vermaas, P.C.";"0";"0";"0";"0";"0"
;;"29";"de Graaff, Y.W.";"0";"0";"0";"0";"0"
;;"30";"de Lange, M.";"0";"0";"0";"0";"0"
;;"31";"Burgemeester, K.";"0";"0";"0";"0";"0"
;;"32";"Spoek-van Dinther, P.";"0";"0";"0";"0";"0"
;;"33";"van Haarlem, C.R.O.";"0";"0";"0";"0";"0"
;;"34";"Boom-Bekkers, Y.J.A.M.";"2";"0";"0";"0";"2"
;;"35";"Middelkoop, M.C.";"0";"0";"0";"0";"0"
;;"36";"Postuma, J.V.";"5";"0";"0";"0";"5"
;;"37";"de Heer, E.";"1";"0";"0";"0";"1"
;;"38";"Roelofs, R.H.J.";"0";"0";"0";"0";"0"
;;"39";"Heller, T.H.G.";"0";"0";"0";"0";"0"
;;"40";"Wouda, T.T.C.";"0";"0";"0";"0";"0"
;;"41";"Verstegen, P.J.T.";"0";"0";"0";"0";"0"
;;"42";"Dessing, J.";"1";"0";"0";"0";"1"
;;"43";"de Graaf, M.";"2";"0";"0";"0";"2"
;;"44";"Meijdam, C.T.";"0";"0";"0";"0";"0"
;;"45";"van Rijswijk, P.";"17";"0";"0";"0";"17"
;;"46";"van de Breevaart, J.O.";"1";"0";"0";"0";"1"
;;"47";"Filippini, L.T.C.";"0";"0";"0";"0";"0"
;;"48";"van Schijndel, A.H.J.W.";"1";"0";"0";"0";"1"
;;"49";"Alberts, L.Y.";"0";"0";"0";"0";"0"
;;"50";"van den Oetelaar, J.C.M.";"3";"0";"0";"0";"3"
"12";"Staatkundig Gereformeerde Partij (SGP)";;;"643";"5";"3";"0";"635"
;;"1";"Stoffer, C.";"552";"5";"2";"0";"545"
;;"2";"van Dijk, D.J.H.";"24";"0";"0";"0";"24"
;;"3";"Flach, A.J.";"14";"0";"0";"0";"14"
;;"4";"Middelkoop, P.N.";"6";"0";"0";"0";"6"
;;"5";"Vroegindeweij, W.J.";"7";"0";"0";"0";"7"
;;"6";"van der Maas, A.J.";"3";"0";"0";"0";"3"
;;"7";"van der Wind, H.J.";"7";"0";"0";"0";"7"
;;"8";"Both, D.D.";"2";"0";"0";"0";"2"
;;"9";"Kloosterman, J.";"4";"0";"0";"0";"4"
;;"10";"Roodnat, T.J.";"0";"0";"0";"0";"0"
;;"11";"van der Wulp, A.D.";"1";"0";"1";"0";"0"
;;"12";"Polinder, H.J.";"1";"0";"0";"0";"1"
;;"13";"Slingerland, M.";"0";"0";"0";"0";"0"
;;"14";"van Duijn, W.J.";"0";"0";"0";"0";"0"
;;"15";"Barth, L.G.I.";"0";"0";"0";"0";"0"
;;"16";"Lukasse, J.";"1";"0";"0";"0";"1"
;;"17";"Tanis, J.P.";"1";"0";"0";"0";"1"
;;"18";"Bosma, E.G.";"0";"0";"0";"0";"0"
;;"19";"Schipaanboord, G.P.";"2";"0";"0";"0";"2"
;;"20";"Versteeg, A.";"1";"0";"0";"0";"1"
;;"21";"Hartog, J.";"0";"0";"0";"0";"0"
;;"22";"Koekoek, J.T.";"2";"0";"0";"0";"2"
;;"23";"de Knegt, L.";"0";"0";"0";"0";"0"
;;"24";"van Leeuwen, G.R.";"1";"0";"0";"0";"1"
;;"25";"de Boer, B.";"0";"0";"0";"0";"0"
;;"26";"Kok, W.H.";"1";"0";"0";"0";"1"
;;"27";"Kuijers, J.";"0";"0";"0";"0";"0"
;;"28";"van Zelst, H.J.";"0";"0";"0";"0";"0"
;;"29";"Bource, R.J.C.";"0";"0";"0";"0";"0"
;;"30";"Talen, L.";"0";"0";"0";"0";"0"
;;"31";"Baijense, J.";"6";"0";"0";"0";"6"
;;"32";"Bulten, H.G.";"0";"0";"0";"0";"0"
;;"33";"Top, J.";"0";"0";"0";"0";"0"
;;"34";"Kisteman, L.";"0";"0";"0";"0";"0"
;;"35";"van Bruchem, L.";"0";"0";"0";"0";"0"
;;"36";"van den Dikkenberg, L.C.";"0";"0";"0";"0";"0"
;;"37";"Herweijer, H.";"0";"0";"0";"0";"0"
;;"38";"van Laar, G.J.";"0";"0";"0";"0";"0"
;;"39";"Scheppink, A.J.";"0";"0";"0";"0";"0"
;;"40";"van Heteren, R.";"0";"0";"0";"0";"0"
;;"41";"van den Belt, B.";"0";"0";"0";"0";"0"
;;"42";"van Iwaarden, D.";"0";"0";"0";"0";"0"
;;"43";"Heinen, J.B.";"0";"0";"0";"0";"0"
;;"44";"Verdoes, W.J.";"0";"0";"0";"0";"0"
;;"45";"Lock, J.";"0";"0";"0";"0";"0"
;;"46";"van Burg, J.J.";"1";"0";"0";"0";"1"
;;"47";"Vermaat, C.T.";"1";"0";"0";"0";"1"
;;"48";"van Tuijl, L.O.";"0";"0";"0";"0";"0"
;;"49";"van Hoef, G.A.J.";"1";"0";"0";"0";"1"
;;"50";"Pronk, F.G.";"4";"0";"0";"0";"4"
"13";"ChristenUnie";;;"1134";"6";"20";"4";"1104"
;;"1";"Bikker, M.H.";"830";"3";"11";"0";"816"
;;"2";"Grinwis, P.A.";"29";"0";"0";"0";"29"
;;"3";"Ceder, D.G.M.";"85";"1";"6";"3";"75"
;;"4";"te Rietstap, A.H.";"9";"0";"1";"0";"8"
;;"5";"Gooijer-Medema, J.K.";"22";"0";"0";"0";"22"
;;"6";"Drost, N.";"4";"0";"0";"0";"4"
;;"7";"Niesink, C.C.M.";"13";"0";"0";"0";"13"
;;"8";"de Reus, W.T.";"6";"0";"0";"0";"6"
;;"9";"Otter-van den Bosch, C.";"4";"0";"0";"0";"4"
;;"10";"Holtman, T.S.";"2";"0";"0";"0";"2"
;;"11";"Jongman-Mollema, I.M.";"6";"0";"0";"0";"6"
;;"12";"van Ooijen, M.";"4";"0";"0";"0";"4"
;;"13";"Vedder, H.";"12";"0";"0";"0";"12"
;;"14";"van der Krift, H.J.C.";"7";"0";"0";"0";"7"
;;"15";"Westerink-Petersen, J.";"6";"0";"0";"0";"6"
;;"16";"Egger-van Oppen, H.C.";"3";"0";"0";"0";"3"
;;"17";"Jonkheer-Vos, R.";"5";"0";"0";"0";"5"
;;"18";"Mbwete, N.A.G.";"2";"0";"0";"0";"2"
;;"19";"Vlieg-Kempe, H.A.";"3";"0";"0";"0";"3"
;;"20";"Treurniet, M.";"4";"0";"0";"0";"4"
;;"21";"Treurniet-Klapwijk, W.A.";"0";"0";"0";"0";"0"
;;"22";"Elskamp-Hofstede, J.M.";"2";"0";"0";"0";"2"
;;"23";"de Heer, R.P.";"1";"0";"0";"0";"1"
;;"24";"Cecilia, H.E.";"7";"2";"2";"1";"2"
;;"25";"Pasterkamp, A.";"5";"0";"0";"0";"5"
;;"26";"van der Mooren, F.C.T.";"2";"0";"0";"0";"2"
;;"27";"van de Belt, R.A.";"2";"0";"0";"0";"2"
;;"28";"Nede, N.N.";"2";"0";"0";"0";"2"
;;"29";"de Boer, A.P.";"2";"0";"0";"0";"2"
;;"30";"Voskamp, W.P.";"0";"0";"0";"0";"0"
;;"31";"van Hoorn, J.";"2";"0";"0";"0";"2"
;;"32";"de Vries, M.A.C.";"1";"0";"0";"0";"1"
;;"33";"Broekmaat-Hagens, A.W.";"2";"0";"0";"0";"2"
;;"34";"Quarshie, S.A.C.";"2";"0";"0";"0";"2"
;;"35";"Koning, G.M.";"4";"0";"0";"0";"4"
;;"36";"Bosma, E.";"0";"0";"0";"0";"0"
;;"37";"Stoop, G.A.";"0";"0";"0";"0";"0"
;;"38";"Moes, T.";"1";"0";"0";"0";"1"
;;"39";"Hoefakker, D.S.";"2";"0";"0";"0";"2"
;;"40";"Westendorp, J.";"0";"0";"0";"0";"0"
;;"41";"van der Sluis, J.P.";"0";"0";"0";"0";"0"
;;"42";"La Rose, M.B.";"0";"0";"0";"0";"0"
;;"43";"Bronkhorst-van Poortvliet, E.J.M.";"0";"0";"0";"0";"0"
;;"44";"Scherrenburg, T.J.";"1";"0";"0";"0";"1"
;;"45";"Vercammen, M.A.";"0";"0";"0";"0";"0"
;;"46";"Troost, G.J.";"1";"0";"0";"0";"1"
;;"47";"Smelt, E.N.";"11";"0";"0";"0";"11"
;;"48";"Dekker, C.";"3";"0";"0";"0";"3"
;;"49";"ten Brinke, J.M.";"5";"0";"0";"0";"5"
;;"50";"de Graaf, B.A.";"20";"0";"0";"0";"20"
"14";"Volt";;;"3635";"10";"27";"4";"3594"
;;"1";"Dassen, L.A.J.M.";"2113";"7";"17";"1";"2088"
;;"2";"Koekkoek, M.";"727";"2";"3";"3";"719"
;;"3";"de Boer, R.W.";"41";"0";"1";"0";"40"
;;"4";"Ritzer, S.D.L.";"240";"0";"1";"0";"239"
;;"5";"Beijnon, B.";"45";"0";"1";"0";"44"
;;"6";"Harks, L.C.G.";"65";"0";"1";"0";"64"
;;"7";"Princen, J.G.";"23";"0";"1";"0";"22"
;;"8";"Vossen - van Beers, I.E.F.M.";"37";"0";"0";"0";"37"
;;"9";"Güngör, E.";"20";"0";"0";"0";"20"
;;"10";"Veltkamp, A.M.";"15";"0";"0";"0";"15"
;;"11";"Kemp, E.";"39";"0";"0";"0";"39"
;;"12";"Fikenscher, H.M.";"33";"0";"1";"0";"32"
;;"13";"Yska, R.W.";"13";"0";"0";"0";"13"
;;"14";"Blom, M.M.B.";"17";"0";"0";"0";"17"
;;"15";"van der Veer, G.A.";"3";"0";"0";"0";"3"
;;"16";"van den Ende, A.E.";"12";"0";"0";"0";"12"
;;"17";"Tai, M.T.";"8";"0";"0";"0";"8"
;;"18";"Nielsen, K.";"13";"1";"0";"0";"12"
;;"19";"van Mulkom, J.J.";"10";"0";"0";"0";"10"
;;"20";"Erens, J.P.G.";"20";"0";"1";"0";"19"
;;"21";"van den Ende, W.";"2";"0";"0";"0";"2"
;;"22";"van der Linden, J.";"10";"0";"0";"0";"10"
;;"23";"Nieuwenhuis, M.";"5";"0";"0";"0";"5"
;;"24";"Rasenberg, N.E.";"22";"0";"0";"0";"22"
;;"25";"Areago, T.L.A.";"2";"0";"0";"0";"2"
;;"26";"van der Linden, A.";"11";"0";"0";"0";"11"
;;"27";"Scherbeijn, L.";"10";"0";"0";"0";"10"
;;"28";"van Strien, L.";"8";"0";"0";"0";"8"
;;"29";"van Doesburg, A.J.J.";"2";"0";"0";"0";"2"
;;"30";"van Kampen, M.H.F.";"6";"0";"0";"0";"6"
;;"31";"Wennekes, S.W.";"4";"0";"0";"0";"4"
;;"32";"Eckelmans, L.A.E.";"23";"0";"0";"0";"23"
;;"33";"Meinsma, C.H.";"4";"0";"0";"0";"4"
;;"34";"Hamel, J.E.R.";"1";"0";"0";"0";"1"
;;"35";"Stokvis, D.C.";"2";"0";"0";"0";"2"
;;"36";"Westerman, A.P.T.";"6";"0";"0";"0";"6"
;;"37";"Buijs, Q.H.M.";"1";"0";"0";"0";"1"
;;"38";"van der Veldt, I.S.V.";"6";"0";"0";"0";"6"
;;"39";"Croes, M.";"3";"0";"0";"0";"3"
;;"40";"van der Veen, V.G.E.";"7";"0";"0";"0";"7"
;;"41";"Hagen, G.A.";"1";"0";"0";"0";"1"
;;"42";"van Engelen, A.A.";"2";"0";"0";"0";"2"
;;"43";"Klijnsma, B.P.";"3";"0";"0";"0";"3"
"15";"JA21";;;"3921";"20";"56";"12";"3833"
;;"1";"Eerdmans, B.J.";"2427";"12";"37";"4";"2374"
;;"2";"Nanninga, A.";"492";"4";"8";"0";"480"
;;"3";"Coenradie, I.";"726";"4";"10";"4";"708"
;;"4";"Hoogeveen, M.P.";"15";"0";"0";"0";"15"
;;"5";"Ceulemans, S.";"5";"0";"0";"0";"5"
;;"6";"Boomsma, D.T.";"72";"0";"0";"3";"69"
;;"7";"van den Berg, D.J.";"4";"0";"0";"1";"3"
;;"8";"Goudzwaard, M.";"9";"0";"0";"0";"9"
;;"9";"Clemminck, D.R.F.";"2";"0";"1";"0";"1"
;;"10";"van Elck, M.G.J.";"0";"0";"0";"0";"0"
;;"11";"Schyns, P.F.M.";"29";"0";"0";"0";"29"
;;"12";"Koster, G.F.E.";"1";"0";"0";"0";"1"
;;"13";"Hesselink, S.W.J.";"14";"0";"0";"0";"14"
;;"14";"Mantel, I.J.M.";"2";"0";"0";"0";"2"
;;"15";"Gordijn, C.";"15";"0";"0";"0";"15"
;;"16";"Jager, M.R.";"12";"0";"0";"0";"12"
;;"17";"van Scherpenzeel, F.A.";"16";"0";"0";"0";"16"
;;"18";"Dijksterhuis, R.G.";"4";"0";"0";"0";"4"
;;"19";"Nuijten, K.";"2";"0";"0";"0";"2"
;;"20";"van Vugt, T.";"1";"0";"0";"0";"1"
;;"21";"Baten, L.C.C.";"1";"0";"0";"0";"1"
;;"22";"van Ede, S.";"2";"0";"0";"0";"2"
;;"23";"Laurijssens, R.S.";"5";"0";"0";"0";"5"
;;"24";"Hoogerwerf, M.";"2";"0";"0";"0";"2"
;;"25";"de Bruin, R.";"5";"0";"0";"0";"5"
;;"26";"Determan, R.N.";"0";"0";"0";"0";"0"
;;"27";"de Bes, P.";"2";"0";"0";"0";"2"
;;"28";"Heijkoop, G.";"1";"0";"0";"0";"1"
;;"29";"Ramcharan, N.N.";"1";"0";"0";"0";"1"
;;"30";"van Zaalen, F.P.";"0";"0";"0";"0";"0"
;;"31";"Meyer, J.J.C.";"4";"0";"0";"0";"4"
;;"32";"Damen-Flobbe, M.M.";"2";"0";"0";"0";"2"
;;"33";"Roos, S.M.";"1";"0";"0";"0";"1"
;;"34";"Lens van Rijn, J.M.";"1";"0";"0";"0";"1"
;;"35";"Chung, P.";"4";"0";"0";"0";"4"
;;"36";"Kövi, J.J.H.M.";"3";"0";"0";"0";"3"
;;"37";"Uijens, M.";"7";"0";"0";"0";"7"
;;"38";"Hakim, N.";"0";"0";"0";"0";"0"
;;"39";"van Geest, A.M.";"0";"0";"0";"0";"0"
;;"40";"Drent, P.H.";"3";"0";"0";"0";"3"
;;"41";"Meere, I.P.";"0";"0";"0";"0";"0"
;;"42";"van den Berk, M.";"5";"0";"0";"0";"5"
;;"43";"Avdaljan, A.V.";"0";"0";"0";"0";"0"
;;"44";"Ernst, J.T.H.";"1";"0";"0";"0";"1"
;;"45";"Pastors, M.G.T.";"11";"0";"0";"0";"11"
;;"46";"Fortuijn, S.A.F.";"12";"0";"0";"0";"12"
"16";"Vrede voor Dieren";;;"149";"1";"1";"0";"147"
;;"1";"Plusquin, P.S.M.L.";"92";"0";"1";"0";"91"
;;"2";"van der Velden, R.T.J.";"6";"0";"0";"0";"6"
;;"3";"Burgers, A.";"9";"1";"0";"0";"8"
;;"4";"Engelen, E.R.";"17";"0";"0";"0";"17"
;;"5";"Voss, S.H.D.";"1";"0";"0";"0";"1"
;;"6";"Hanssen, A.M.W.M.";"3";"0";"0";"0";"3"
;;"7";"Huertas Mulckhuyse, R.R.A.";"4";"0";"0";"0";"4"
;;"8";"Klaassen, L.";"0";"0";"0";"0";"0"
;;"9";"van de Peppel, S.";"1";"0";"0";"0";"1"
;;"10";"Poutsma, A.";"2";"0";"0";"0";"2"
;;"11";"Broekman-Falcão Pereira Gomes, S.";"1";"0";"0";"0";"1"
;;"12";"Smits, M.W.";"1";"0";"0";"0";"1"
;;"13";"Wever, C.G.T.";"0";"0";"0";"0";"0"
;;"14";"Savelkouls, A.G.J.P.";"2";"0";"0";"0";"2"
;;"15";"Bleijenberg, M.W.A.";"1";"0";"0";"0";"1"
;;"16";"van Tergouw, K.O.";"2";"0";"0";"0";"2"
;;"17";"Stevens, H.";"1";"0";"0";"0";"1"
;;"18";"Kochen, J.J.M.";"0";"0";"0";"0";"0"
;;"19";"van der Waal, A.F.";"0";"0";"0";"0";"0"
;;"20";"van den Abeele, I.J.";"0";"0";"0";"0";"0"
;;"21";"Hagen, B.D.A.";"0";"0";"0";"0";"0"
;;"22";"Miedema, N.C.";"0";"0";"0";"0";"0"
;;"23";"Schouten, M.E.";"0";"0";"0";"0";"0"
;;"24";"Suurmeijer, J.J.";"0";"0";"0";"0";"0"
;;"25";"van Gelder, A.M.E.";"0";"0";"0";"0";"0"
;;"26";"Bok, J.W.";"0";"0";"0";"0";"0"
;;"27";"Koedam, J.J.M.";"3";"0";"0";"0";"3"
;;"28";"van den Elsen, T.P.";"1";"0";"0";"0";"1"
;;"29";"van de Laar, M.A.J.";"1";"0";"0";"0";"1"
;;"30";"Holtslag, R.";"0";"0";"0";"0";"0"
;;"31";"Baars, H.L.M.";"0";"0";"0";"0";"0"
;;"32";"Meuldijk, B.";"0";"0";"0";"0";"0"
;;"33";"Bouma, J.O.C.";"1";"0";"0";"0";"1"
"17";"Belang Van Nederland (BVNL)";;;"184";"6";"3";"0";"175"
;;"1";"van Haga, W.R.";"124";"6";"2";"0";"116"
;;"2";"Rookmaker, D.";"9";"0";"1";"0";"8"
;;"3";"Beertema, H.J.";"0";"0";"0";"0";"0"
;;"4";"Schetters, T.P.M.";"11";"0";"0";"0";"11"
;;"5";"Dercksen, R.G.J.";"1";"0";"0";"0";"1"
;;"6";"van den Boomen, V.";"2";"0";"0";"0";"2"
;;"7";"Dales, G.D.";"2";"0";"0";"0";"2"
;;"8";"Flipse, A.E.";"14";"0";"0";"0";"14"
;;"9";"Manders, T.T.A.J.";"9";"0";"0";"0";"9"
;;"10";"van Schaik, H.C.";"0";"0";"0";"0";"0"
;;"11";"Versteeg, E.G.";"1";"0";"0";"0";"1"
;;"12";"Vulders, S.";"0";"0";"0";"0";"0"
;;"13";"Schilder, P.C.J.";"0";"0";"0";"0";"0"
;;"14";"Terhorst, M.E.";"2";"0";"0";"0";"2"
;;"15";"Bos, M.";"0";"0";"0";"0";"0"
;;"16";"Kosters, J.";"0";"0";"0";"0";"0"
;;"17";"Rolloos, M.A.";"1";"0";"0";"0";"1"
;;"18";"Verweij, D.W.";"0";"0";"0";"0";"0"
;;"19";"Mul, P.A.M.J.";"0";"0";"0";"0";"0"
;;"20";"Remijn, H.J.";"0";"0";"0";"0";"0"
;;"21";"Mensing, C.M.";"0";"0";"0";"0";"0"
;;"22";"van Erp, G.J.A.";"2";"0";"0";"0";"2"
;;"23";"Dienjes, C.S.";"0";"0";"0";"0";"0"
;;"24";"Keirouz, J.";"0";"0";"0";"0";"0"
;;"25";"Schuiling, A.";"1";"0";"0";"0";"1"
;;"26";"Rietman, Y.";"0";"0";"0";"0";"0"
;;"27";"Schnetkamp, F.F.";"2";"0";"0";"0";"2"
;;"28";"Toes, E.D.";"1";"0";"0";"0";"1"
;;"29";"Elferink, I.J.";"0";"0";"0";"0";"0"
;;"30";"Boomsma, J.J.";"0";"0";"0";"0";"0"
;;"31";"Jimenez, Y.R.";"0";"0";"0";"0";"0"
;;"32";"Siemons, J.C.";"0";"0";"0";"0";"0"
;;"33";"van Keeken, N.";"1";"0";"0";"0";"1"
;;"34";"Eggermont, P.J.";"0";"0";"0";"0";"0"
;;"35";"Freeke, C.J.";"0";"0";"0";"0";"0"
;;"36";"van Leeuwen, J.W.";"0";"0";"0";"0";"0"
;;"37";"Moes, D.";"1";"0";"0";"0";"1"
;;"38";"Verhoog, J.P.";"0";"0";"0";"0";"0"
;;"39";"Vos, J.J.";"0";"0";"0";"0";"0"
;;"40";"Villegas Henriquez, M.B.";"0";"0";"0";"0";"0"
;;"41";"Bohte, P.J.";"0";"0";"0";"0";"0"
;;"42";"Westphal, B.S.";"0";"0";"0";"0";"0"
;;"43";"van Dalen, E.H.";"0";"0";"0";"0";"0"
;;"44";"Huisman, W.D.";"0";"0";"0";"0";"0"
;;"45";"Qadiri, Y.";"0";"0";"0";"0";"0"
;;"46";"van den Bolsem, L.B.";"0";"0";"0";"0";"0"
;;"47";"Koeleman, R.P.";"0";"0";"0";"0";"0"
;;"48";"Yürekli, M.";"0";"0";"0";"0";"0"
;;"49";"Kicken, J.M.H.";"0";"0";"0";"0";"0"
;;"50";"van Aalst, R.R.";"0";"0";"0";"0";"0"
"18";"BIJ1";;;"378";"2";"11";"4";"361"
;;"1";"Dibi, T.";"181";"1";"5";"1";"174"
;;"2";"Tuininga, N.";"101";"0";"2";"2";"97"
;;"3";"Otte, T.";"15";"0";"0";"0";"15"
;;"4";"Sadhoe, P.C.Z.";"8";"0";"0";"0";"8"
;;"5";"van Campenhout, M.R.";"0";"0";"0";"0";"0"
;;"6";"Dalderop, M.B.";"9";"0";"0";"0";"9"
;;"7";"Oul Fakir, N.";"8";"0";"0";"0";"8"
;;"8";"Najand, S.";"7";"0";"0";"0";"7"
;;"9";"Nieuweboer, C.";"7";"0";"0";"0";"7"
;;"10";"Bijleveld, V.";"6";"0";"0";"0";"6"
;;"11";"Miango, N.";"1";"0";"0";"0";"1"
;;"12";"Beekmans, M.A.A.J.";"2";"0";"0";"0";"2"
;;"13";"Isaack, T.J.D.";"0";"0";"0";"0";"0"
;;"14";"Streutker, G.";"3";"0";"0";"0";"3"
;;"15";"Gal, Y.";"4";"0";"0";"0";"4"
;;"16";"Luhrs, Y.";"4";"0";"0";"0";"4"
;;"17";"Rijsdam, A.T.P.J.";"1";"0";"0";"0";"1"
;;"18";"Damian, A.R.";"1";"0";"0";"0";"1"
;;"19";"Geuzebroek, L.";"5";"0";"0";"0";"5"
;;"20";"Nolten, S.J.";"7";"0";"0";"0";"7"
;;"21";"Miskin, V.R.";"0";"0";"0";"0";"0"
;;"22";"Helberg, G.O.";"8";"1";"4";"1";"2"
"19";"LP (Libertaire Partij)";;;"106";"1";"1";"0";"104"
;;"1";"van Lamoen, T.J.";"48";"0";"0";"0";"48"
;;"2";"Bais, H.";"45";"1";"1";"0";"43"
;;"3";"Brouwer, H.A.";"1";"0";"0";"0";"1"
;;"4";"Durlacher, F.";"3";"0";"0";"0";"3"
;;"5";"Winters, A.J.";"0";"0";"0";"0";"0"
;;"6";"van Beelen, E.";"1";"0";"0";"0";"1"
;;"7";"van der Helm, P.";"0";"0";"0";"0";"0"
;;"8";"Schoenmakers, R.C.";"0";"0";"0";"0";"0"
;;"9";"Honig, T.R.";"0";"0";"0";"0";"0"
;;"10";"Visser, P.R.";"1";"0";"0";"0";"1"
;;"11";"de Haan, M.C.";"0";"0";"0";"0";"0"
;;"12";"Meijer, T.D.J.";"1";"0";"0";"0";"1"
;;"13";"Backhuijs, W.Q.";"1";"0";"0";"0";"1"
;;"14";"van Dijk, R.K.J.J.";"0";"0";"0";"0";"0"
;;"15";"Hartkamp, P.L.";"0";"0";"0";"0";"0"
;;"16";"Van de Leest, A.T.";"2";"0";"0";"0";"2"
;;"17";"Crok, M.";"3";"0";"0";"0";"3"
"20";"50PLUS";;;"470";"2";"3";"0";"465"
;;"1";"Struijs, J.A.";"326";"0";"1";"0";"325"
;;"2";"van Brenk-van Barneveld, C.M.";"31";"1";"0";"0";"30"
;;"3";"Baay-Timmerman, M.H.H.";"12";"0";"0";"0";"12"
;;"4";"van Tilborg, H.C.A.M.";"14";"0";"0";"0";"14"
;;"5";"van Acquoij, R.H.";"1";"0";"0";"0";"1"
;;"6";"van den Heuvel, W.H.H.M.";"8";"0";"2";"0";"6"
;;"7";"Fischer, A.M.J.N.";"10";"1";"0";"0";"9"
;;"8";"van der Helm-Chandansingh, M.P.";"2";"0";"0";"0";"2"
;;"9";"van Straten, A.";"3";"0";"0";"0";"3"
;;"10";"van Est, A.M.B.";"7";"0";"0";"0";"7"
;;"11";"Leerkes, A.G.M.";"0";"0";"0";"0";"0"
;;"12";"Engel, J.";"0";"0";"0";"0";"0"
;;"13";"Brouwers, J.F.X.M.";"4";"0";"0";"0";"4"
;;"14";"van der Starre, J.J.";"2";"0";"0";"0";"2"
;;"15";"van Lierop-van Leuken, M.M.E.L.";"0";"0";"0";"0";"0"
;;"16";"Kasteleijn, H.M.";"8";"0";"0";"0";"8"
;;"17";"Hoek, W.M.M.";"0";"0";"0";"0";"0"
;;"18";"Hernández Martínez, A.";"1";"0";"0";"0";"1"
;;"19";"Veeze, C.E.";"1";"0";"0";"0";"1"
;;"20";"Nota, H.D.";"3";"0";"0";"0";"3"
;;"21";"de Vos, N.";"1";"0";"0";"0";"1"
;;"22";"van den Bogaard, J.T.M.";"2";"0";"0";"0";"2"
;;"23";"van Loon, J.C.A.";"0";"0";"0";"0";"0"
;;"24";"Donker, A.C.";"1";"0";"0";"0";"1"
;;"25";"van Ooijen, E.";"0";"0";"0";"0";"0"
;;"26";"Hamersma, K.";"2";"0";"0";"0";"2"
;;"27";"Wissingh, H.A.";"2";"0";"0";"0";"2"
;;"28";"de Kruif-Vlasman, F.N.J.";"0";"0";"0";"0";"0"
;;"29";"Verbeek, C.M.J.";"1";"0";"0";"0";"1"
;;"30";"van Gorkum, J.P.N.";"8";"0";"0";"0";"8"
;;"31";"Erkamp, F.H.A.M.";"1";"0";"0";"0";"1"
;;"32";"Willemse, W.";"2";"0";"0";"0";"2"
;;"33";"Bakx, W.M.";"2";"0";"0";"0";"2"
;;"34";"Verschoor, A.E.W.";"1";"0";"0";"0";"1"
;;"35";"Jong, S.P.H.M.A.";"1";"0";"0";"0";"1"
;;"36";"Sjaardema, E.";"0";"0";"0";"0";"0"
;;"37";"Tomlow, G.A.M.M.";"1";"0";"0";"0";"1"
;;"38";"Bouwmeester, J.J.";"2";"0";"0";"0";"2"
;;"39";"van Houtert, M.J.L.W.";"0";"0";"0";"0";"0"
;;"40";"van Hoek, J.T.M.";"0";"0";"0";"0";"0"
;;"41";"Timmers-van Dijk, A.A.";"1";"0";"0";"0";"1"
;;"42";"Guldemond, A.E.";"0";"0";"0";"0";"0"
;;"43";"Boetes, J.M.";"1";"0";"0";"0";"1"
;;"44";"Denissen, H.M.J.M.";"0";"0";"0";"0";"0"
;;"45";"Biever, R.M.";"0";"0";"0";"0";"0"
;;"46";"van Elst, H.D.P.";"0";"0";"0";"0";"0"
;;"47";"van Rooij, M.G.J.H.";"0";"0";"0";"0";"0"
;;"48";"van Otterloo, G.J.P.";"0";"0";"0";"0";"0"
;;"49";"Dekker, W.C.";"0";"0";"0";"0";"0"
;;"50";"van Rooijen, M.J.";"8";"0";"0";"0";"8"
"21";"Piratenpartij";;;"98";"0";"2";"0";"96"
;;"1";"Pontier, M.A.";"58";"0";"2";"0";"56"
;;"2";"Zimmerman, H.K.";"16";"0";"0";"0";"16"
;;"3";"Bresser, A.C.";"2";"0";"0";"0";"2"
;;"4";"Sadloe, S.";"5";"0";"0";"0";"5"
;;"5";"Brandsma, W.A.";"2";"0";"0";"0";"2"
;;"6";"Pontier, G.P.";"1";"0";"0";"0";"1"
;;"7";"van Deijk, D.D.";"2";"0";"0";"0";"2"
;;"8";"Grossman, S.E.";"0";"0";"0";"0";"0"
;;"9";"Wikkeling, O.M.E.";"0";"0";"0";"0";"0"
;;"10";"Bergman, F.J.M.";"4";"0";"0";"0";"4"
;;"11";"van Treuren, M.A.";"0";"0";"0";"0";"0"
;;"12";"van Rijn, M.P.";"3";"0";"0";"0";"3"
;;"13";"Musangamfura, J.A.";"0";"0";"0";"0";"0"
;;"14";"Schrama, D.D.";"0";"0";"0";"0";"0"
;;"15";"Hallegraeff, D.S.";"0";"0";"0";"0";"0"
;;"16";"Lubben, H.P.";"1";"0";"0";"0";"1"
;;"17";"Valkhof, C.A.";"0";"0";"0";"0";"0"
;;"18";"Braun, P.W.";"0";"0";"0";"0";"0"
;;"19";"El Hajoui, N.";"0";"0";"0";"0";"0"
;;"20";"van Nes, T.";"0";"0";"0";"0";"0"
;;"21";"Horvath, F.N.";"0";"0";"0";"0";"0"
;;"22";"van Dijke, W.M.";"0";"0";"0";"0";"0"
;;"23";"Pot, A.A.M.";"0";"0";"0";"0";"0"
;;"24";"Bouma, E.";"1";"0";"0";"0";"1"
;;"25";"Wijnans, F.P.E.";"1";"0";"0";"0";"1"
;;"26";"Smit, H.R.M.P.";"0";"0";"0";"0";"0"
;;"27";"Nauta, F.H.A.";"0";"0";"0";"0";"0"
;;"28";"Matenko, R.W.E.";"0";"0";"0";"0";"0"
;;"29";"Haak, R.R.";"1";"0";"0";"0";"1"
;;"30";"Linnenbank, A.C.";"0";"0";"0";"0";"0"
;;"31";"van der Velde, V.C.";"0";"0";"0";"0";"0"
;;"32";"baron van Till, J.W.J.";"1";"0";"0";"0";"1"
;;"33";"Blaak, M.G.M.H.";"0";"0";"0";"0";"0"
"22";"FNP";;;"50";"0";"1";"0";"49"
;;"1";"Soepboer, A.J.";"29";"0";"1";"0";"28"
;;"2";"Krol, D.M.B.";"4";"0";"0";"0";"4"
;;"3";"van Groning, J.E.";"5";"0";"0";"0";"5"
;;"4";"van der Ham, A.E.";"1";"0";"0";"0";"1"
;;"5";"Luca, R.E.";"0";"0";"0";"0";"0"
;;"6";"Kiers, G.";"1";"0";"0";"0";"1"
;;"7";"Bouma, A.B.";"1";"0";"0";"0";"1"
;;"8";"van Die, B.L.Y.";"1";"0";"0";"0";"1"
;;"9";"Kuipers, F.S.";"0";"0";"0";"0";"0"
;;"10";"Hofstra, T.";"1";"0";"0";"0";"1"
;;"11";"Fokkinga, K.";"0";"0";"0";"0";"0"
;;"12";"Klingestijn, C.H.H.";"0";"0";"0";"0";"0"
;;"13";"Land-Dotinga, S.S.";"0";"0";"0";"0";"0"
;;"14";"Wijnsma, J.";"0";"0";"0";"0";"0"
;;"15";"Wiersma, T.";"0";"0";"0";"0";"0"
;;"16";"van Mourik, N.";"0";"0";"0";"0";"0"
;;"17";"Visser, A.S.";"1";"0";"0";"0";"1"
;;"18";"Boomsma, P.R.";"0";"0";"0";"0";"0"
;;"19";"Wouda, W.";"0";"0";"0";"0";"0"
;;"20";"Heeringa, T.T.";"0";"0";"0";"0";"0"
;;"21";"Hoekstra, M.";"1";"0";"0";"0";"1"
;;"22";"Land, F.A.";"0";"0";"0";"0";"0"
;;"23";"Feddema, T.";"0";"0";"0";"0";"0"
;;"24";"Hemstra, T.";"0";"0";"0";"0";"0"
;;"25";"Talma, L.K.";"0";"0";"0";"0";"0"
;;"26";"Herms, D.L.W.";"0";"0";"0";"0";"0"
;;"27";"de Boer, A.T.";"0";"0";"0";"0";"0"
;;"28";"de Deugd, A.";"0";"0";"0";"0";"0"
;;"29";"van Althuis, P.S.";"0";"0";"0";"0";"0"
;;"30";"de Jong, A.J.";"0";"0";"0";"0";"0"
;;"31";"Vollema, L.J.";"1";"0";"0";"0";"1"
;;"32";"Rintjema, N.H.";"1";"0";"0";"0";"1"
;;"33";"van der Pol, D.M.";"0";"0";"0";"0";"0"
;;"34";"Kleefstra, A.";"1";"0";"0";"0";"1"
;;"35";"Albada, T.";"0";"0";"0";"0";"0"
;;"36";"Hosper, U.G.";"0";"0";"0";"0";"0"
;;"37";"Bergstra-Veldhuis, C.J.";"0";"0";"0";"0";"0"
;;"38";"Debreczeni, S.";"0";"0";"0";"0";"0"
;;"39";"van Dellen, B.B.";"0";"0";"0";"0";"0"
;;"40";"de Boer, F.";"0";"0";"0";"0";"0"
;;"41";"de Boer, H.R.";"0";"0";"0";"0";"0"
;;"42";"Brinkman, T.O.";"0";"0";"0";"0";"0"
;;"43";"Dijkstra, J.";"0";"0";"0";"0";"0"
;;"44";"Durksz, D.L.";"0";"0";"0";"0";"0"
;;"45";"Brouwer, S.";"0";"0";"0";"0";"0"
;;"46";"Brouwer, H.";"0";"0";"0";"0";"0"
;;"47";"van der Meer, H.";"0";"0";"0";"0";"0"
;;"48";"Knol, S.";"2";"0";"0";"0";"2"
;;"49";"Singelsma, S.";"0";"0";"0";"0";"0"
"23";"Vrij Verbond";;;"12";"1";"0";"0";"11"
;;"1";"Burggraaf, B.W.";"11";"1";"0";"0";"10"
;;"2";"Voorbij, M.M.";"0";"0";"0";"0";"0"
;;"3";"Zijlstra, J.";"0";"0";"0";"0";"0"
;;"4";"Tawfik, C.";"1";"0";"0";"0";"1"
;;"5";"Jansen, N.";"0";"0";"0";"0";"0"
;;"6";"Struijk, W.";"0";"0";"0";"0";"0"
;;"7";"van der Marel, C.L.";"0";"0";"0";"0";"0"
;;"8";"Huigens, A.F.J.";"0";"0";"0";"0";"0"
;;"9";"Schaap, C.D.";"0";"0";"0";"0";"0"
;;"10";"Kleinsmit, H.T.J.";"0";"0";"0";"0";"0"
;;"11";"Roodveldt, M.S.D.P.";"0";"0";"0";"0";"0"
;;"12";"Koopmans, S.F.P.";"0";"0";"0";"0";"0"
"24";"DE LINIE";;;"10";"0";"0";"1";"9"
;;"1";"van Hooft, G.O.P.C.";"4";"0";"0";"1";"3"
;;"2";"Mulder, J.C.A.";"4";"0";"0";"0";"4"
;;"3";"Bergen, P.H.";"1";"0";"0";"0";"1"
;;"4";"Bulder, C.A.";"0";"0";"0";"0";"0"
;;"5";"Peeters, G.P.L.";"0";"0";"0";"0";"0"
;;"6";"van der Veen, W.";"1";"0";"0";"0";"1"
;;"7";"Voets, J.J.M.";"0";"0";"0";"0";"0"
;;"8";"Bozkurt, S.";"0";"0";"0";"0";"0"
;;"9";"Gielisse, S.H.J.";"0";"0";"0";"0";"0"
;;"10";"Derks van de Ven - Poldervaart, R.D.";"0";"0";"0";"0";"0"
;;"11";"Kastelijn, A.W.A.T.";"0";"0";"0";"0";"0"
;;"12";"Klasen, B.";"0";"0";"0";"0";"0"
;;"13";"Roos, C.";"0";"0";"0";"0";"0"
;;"14";"Wood, D.R.";"0";"0";"0";"0";"0"
;;"15";"Kastelijn, P.J.T.M.";"0";"0";"0";"0";"0"
"25";"NL PLAN";;;"5";"0";"0";"0";"5"
;;"1";"Chan, K.K.";"5";"0";"0";"0";"5"
"26";"ELLECT";;;"2";"0";"0";"0";"2"
;;"1";"Amoah, J.";"1";"0";"0";"0";"1"
;;"2";"Morisson, E.I.I.";"1";"0";"0";"0";"1"
;;"3";"de Sera, E.G.";"0";"0";"0";"0";"0"
;;"4";"Rodrigues de Souza, K.";"0";"0";"0";"0";"0"
;;"5";"de Jongh, F.A.";"0";"0";"0";"0";"0"
;;"6";"Ustasia, R.R.";"0";"0";"0";"0";"0"
;;"7";"van Rhemen, M.C.";"0";"0";"0";"0";"0"
;;"8";"Vinken, M.J.P.";"0";"0";"0";"0";"0"